players,team,pos,age,g,ab,r,h,2b,3b,hr,rbi,sb,cs,bb,so,sh,sf,hbp,avg,obp,slg,ops
Whit Merrifield,KC,2B,31,162,681,105,206,41,10,16,74,20,10,45,126,0,4,5,0.302,0.348,0.463,0.811
Marcus Semien,OAK,SS,30,162,657,123,187,43,7,33,92,10,8,87,102,0,1,2,0.285,0.369,0.522,0.891
Rafael Devers,BOS,3B,24,156,647,129,201,54,4,32,115,8,8,48,119,1,2,4,0.311,0.361,0.555,0.916
Jonathan Villar,BAL,2B,29,162,642,111,176,33,5,24,73,40,9,61,176,2,4,4,0.274,0.339,0.453,0.792
Ozzie Albies,ATL,2B,23,160,640,102,189,43,8,24,86,15,4,54,112,0,4,4,0.295,0.352,0.5,0.852
Eduardo Escobar,ARI,2B,31,158,636,94,171,29,10,35,118,5,1,50,130,0,10,3,0.269,0.32,0.511,0.831
Starlin Castro,MIA,2B,30,162,636,68,172,31,4,22,86,2,2,28,111,0,9,3,0.27,0.3,0.436,0.736
Jose Abreu,CWS,1B,33,159,634,85,180,38,1,33,123,2,2,36,152,0,10,13,0.284,0.33,0.503,0.833
Jorge Polanco,MIN,SS,27,153,631,107,186,40,7,22,79,4,3,60,116,2,7,4,0.295,0.356,0.485,0.841
Ronald Acuna,ATL,OF,22,156,626,127,175,22,2,41,101,37,9,76,188,0,1,9,0.28,0.365,0.518,0.883
Eric Hosmer,SD,1B,31,160,619,72,164,29,2,22,99,0,3,40,163,0,5,3,0.265,0.31,0.425,0.735
Amed Rosario,NYM,SS,24,157,616,75,177,30,7,15,72,19,10,31,124,2,3,3,0.287,0.323,0.432,0.755
Xander Bogaerts,BOS,SS,28,155,614,110,190,52,0,33,117,4,2,76,122,0,6,2,0.309,0.384,0.555,0.939
Cesar Hernandez,PHI,2B,30,161,612,77,171,31,3,14,71,9,2,45,100,0,4,6,0.279,0.333,0.408,0.741
DJ LeMahieu,NYY,2B,32,145,602,109,197,33,2,26,102,5,2,46,90,1,4,2,0.327,0.375,0.518,0.893
Trey Mancini,BAL,1B,28,154,602,106,175,38,2,35,97,1,0,63,143,0,5,9,0.291,0.364,0.535,0.899
Elvis Andrus,TEX,SS,32,147,600,81,165,27,4,12,72,31,8,34,96,0,10,4,0.275,0.313,0.393,0.706
Francisco Lindor,CLE,SS,26,143,598,101,170,40,2,32,74,22,5,46,98,1,6,3,0.284,0.335,0.518,0.853
Paul Goldschmidt,STL,1B,33,161,597,97,155,25,1,34,97,3,1,78,166,0,3,2,0.26,0.346,0.476,0.822
Freddie Freeman,ATL,1B,31,158,597,113,176,34,2,38,121,6,3,87,127,0,2,6,0.295,0.389,0.549,0.938
Mookie Betts,BOS,OF,28,150,597,135,176,40,5,29,80,16,3,97,101,0,9,3,0.295,0.391,0.524,0.915
Pete Alonso,NYM,1B,25,161,597,103,155,30,2,53,120,1,0,72,183,0,3,21,0.26,0.358,0.583,0.941
David Fletcher,LAA,2B,26,154,596,83,173,30,4,6,49,8,3,55,64,1,1,0,0.29,0.35,0.384,0.734
Kevin Pillar,SF,OF,31,156,595,82,157,37,3,21,87,14,5,18,86,0,6,9,0.264,0.293,0.442,0.735
Jorge Soler,KC,OF,28,162,589,95,156,33,1,48,117,3,1,73,178,0,4,10,0.265,0.354,0.569,0.923
Trevor Story,COL,SS,27,145,588,111,173,38,5,35,85,23,8,58,174,0,3,7,0.294,0.363,0.554,0.917
Nolan Arenado,COL,3B,29,155,588,102,185,31,2,41,118,3,2,62,93,0,8,4,0.315,0.379,0.583,0.962
Manny Machado,SD,SS,28,156,587,81,150,21,2,32,85,5,3,65,128,0,3,6,0.256,0.334,0.462,0.796
Randal Grichuk,TOR,OF,29,151,586,75,136,29,5,31,80,2,1,35,163,0,2,5,0.232,0.28,0.457,0.737
Paul DeJong,STL,SS,27,159,583,97,136,31,1,30,78,9,5,62,149,0,6,13,0.233,0.318,0.444,0.762
Matt Chapman,OAK,3B,27,156,583,102,145,36,3,36,91,1,1,73,147,0,3,11,0.249,0.342,0.506,0.848
Charlie Blackmon,COL,OF,34,140,580,112,182,42,7,32,86,2,5,40,104,0,5,9,0.314,0.364,0.576,0.94
Leury Garcia,CWS,OF,29,140,577,93,161,27,3,8,40,15,5,21,139,11,3,6,0.279,0.31,0.378,0.688
Jean Segura,PHI,SS,30,144,576,79,161,37,4,12,60,10,2,30,73,1,3,8,0.28,0.323,0.42,0.743
J.D. Martinez,BOS,OF,33,146,575,98,175,33,2,36,105,2,0,72,138,0,5,4,0.304,0.383,0.557,0.94
Michael Brantley,HOU,OF,33,148,575,88,179,40,2,22,90,3,2,51,66,0,4,7,0.311,0.372,0.503,0.875
Eugenio Suarez,CIN,3B,29,159,575,87,156,22,2,49,103,3,2,70,189,0,6,11,0.271,0.358,0.572,0.93
Carlos Santana,CLE,1B,34,158,573,110,161,30,1,34,93,4,0,108,108,0,2,3,0.281,0.397,0.515,0.912
Bryce Harper,PHI,OF,28,157,573,98,149,36,1,35,114,15,3,99,178,0,4,6,0.26,0.372,0.51,0.882
Rhys Hoskins,PHI,1B,27,160,570,86,129,33,5,29,85,2,2,116,173,0,6,11,0.226,0.364,0.454,0.818
Ketel Marte,ARI,2B,27,144,569,97,187,36,9,32,92,10,2,53,86,0,2,4,0.329,0.389,0.592,0.981
Tommy Pham,TB,OF,32,145,567,77,155,33,2,21,68,25,4,81,123,0,1,5,0.273,0.369,0.45,0.819
Adam Eaton,WAS,OF,31,151,566,103,158,25,7,15,49,15,3,65,106,9,3,13,0.279,0.365,0.428,0.793
Yuli Gurriel,HOU,1B,36,144,564,85,168,40,2,31,104,5,3,37,65,0,6,5,0.298,0.343,0.541,0.884
Shin-Soo Choo,TEX,OF,38,151,563,93,149,31,2,24,61,15,1,78,165,0,1,18,0.265,0.371,0.455,0.826
Lorenzo Cain,MIL,OF,34,148,562,75,146,30,0,11,48,18,8,50,106,0,4,6,0.26,0.325,0.372,0.697
Eddie Rosario,MIN,OF,29,137,562,91,155,28,1,32,109,3,1,22,86,0,6,0,0.276,0.3,0.5,0.8
Cody Bellinger,LAD,1B,25,156,558,121,170,34,3,47,115,15,5,95,108,0,4,3,0.305,0.406,0.629,1.035
Nick Ahmed,ARI,SS,30,158,556,79,141,33,6,19,82,8,2,52,113,1,12,4,0.254,0.316,0.437,0.753
Alex Gordon,KC,OF,36,150,556,77,148,31,1,13,76,5,3,51,100,1,6,19,0.266,0.345,0.396,0.741
Alex Bregman,HOU,SS,26,156,554,122,164,37,2,41,112,5,1,119,83,0,8,9,0.296,0.423,0.592,1.015
Adam Frazier,PIT,2B,28,152,554,80,154,33,7,10,50,5,5,40,75,4,1,9,0.278,0.336,0.417,0.753
Kole Calhoun,LAA,OF,33,152,552,92,128,29,1,33,74,4,1,70,162,0,2,7,0.232,0.325,0.467,0.792
Michael Conforto,NYM,OF,27,151,549,90,141,29,1,33,92,7,2,84,149,0,5,10,0.257,0.363,0.494,0.857
Josh Donaldson,ATL,3B,34,155,549,96,142,33,0,37,94,4,2,100,155,0,2,8,0.259,0.379,0.521,0.9
Gleyber Torres,NYY,2B,23,144,546,96,152,26,0,38,90,5,2,48,129,1,6,3,0.278,0.337,0.535,0.872
Victor Robles,WAS,OF,23,155,546,86,139,33,3,17,65,28,9,35,140,6,5,25,0.255,0.326,0.419,0.745
Anthony Rendon,WAS,3B,30,146,545,117,174,44,3,34,126,5,1,80,86,0,9,12,0.319,0.412,0.598,1.01
Kris Bryant,CHC,3B,28,147,543,108,153,35,1,31,77,4,0,74,145,0,2,15,0.282,0.382,0.521,0.903
Juan Soto,WAS,OF,22,150,542,110,153,32,5,34,110,12,1,108,132,0,6,3,0.282,0.401,0.548,0.949
Andrew Benintendi,BOS,OF,26,138,541,72,144,40,5,13,68,10,3,59,140,3,5,7,0.266,0.343,0.431,0.774
Renato Nunez,BAL,1B,26,151,541,72,132,24,0,31,90,1,1,44,143,0,4,10,0.244,0.311,0.46,0.771
Starling Marte,PIT,OF,32,132,539,97,159,31,6,23,82,25,6,25,94,2,4,16,0.295,0.342,0.503,0.845
J.T. Realmuto,PHI,C,29,145,538,92,148,36,3,25,83,9,1,41,123,0,8,5,0.275,0.328,0.493,0.821
Javier Baez,CHC,SS,27,138,531,89,149,38,4,29,85,11,7,28,156,0,2,0,0.281,0.316,0.531,0.847
Willy Adames,TB,SS,25,152,531,69,135,25,1,20,52,4,2,46,153,3,1,3,0.254,0.317,0.418,0.735
Austin Meadows,TB,OF,25,138,530,83,154,29,7,33,89,12,7,54,131,0,0,7,0.291,0.364,0.558,0.922
Christian Walker,ARI,1B,29,152,529,86,137,26,1,29,73,8,1,67,155,0,1,6,0.259,0.348,0.476,0.824
Kyle Schwarber,CHC,OF,27,155,529,82,132,29,3,38,92,2,3,70,156,0,6,5,0.25,0.339,0.531,0.87
Josh Bell,PIT,1B,28,143,527,94,146,37,3,37,116,0,1,74,118,0,7,5,0.277,0.367,0.569,0.936
Brandon Belt,SF,1B,32,156,526,76,123,32,3,17,57,4,3,83,127,0,4,3,0.234,0.339,0.403,0.742
Joey Votto,CIN,1B,37,142,525,79,137,32,1,15,47,5,0,76,123,0,3,4,0.261,0.357,0.411,0.768
Max Kepler,MIN,OF,27,134,524,98,132,32,0,36,90,1,5,60,99,0,4,8,0.252,0.336,0.519,0.855
Hanser Alberto,BAL,2B,28,139,524,62,160,21,2,12,51,4,4,16,50,3,3,4,0.305,0.329,0.422,0.751
Hunter Dozier,KC,3B,29,139,523,75,146,29,10,26,84,2,2,55,148,0,5,3,0.279,0.348,0.522,0.87
Mike Moustakas,MIL,2B,32,143,523,80,133,30,1,35,87,3,0,53,98,0,2,6,0.254,0.329,0.516,0.845
Rougned Odor,TEX,2B,26,145,522,77,107,30,1,30,93,11,9,52,178,1,1,5,0.205,0.283,0.439,0.722
Trea Turner,WAS,SS,27,122,521,96,155,37,5,19,57,35,5,43,113,0,2,3,0.298,0.353,0.497,0.85
Jason Heyward,CHC,OF,31,147,513,78,129,20,4,21,62,8,3,68,110,0,3,5,0.251,0.343,0.429,0.772
Yasmani Grandal,MIL,C,31,153,513,79,126,26,2,28,77,5,1,109,139,0,5,5,0.246,0.38,0.468,0.848
Anthony Rizzo,CHC,1B,31,146,512,89,150,29,3,27,94,5,2,71,86,0,3,27,0.293,0.405,0.52,0.925
Yoan Moncada,CWS,3B,25,132,511,83,161,34,5,25,79,10,3,40,154,1,3,4,0.315,0.367,0.548,0.915
Mallex Smith,SEA,OF,27,134,510,70,116,19,9,6,37,46,9,42,141,2,1,11,0.227,0.3,0.335,0.635
Jeff McNeil,NYM,2B,28,133,510,83,162,38,1,23,75,5,6,35,75,0,1,21,0.318,0.384,0.531,0.915
Jose Iglesias,CIN,SS,30,146,504,62,145,21,3,11,59,6,6,20,70,1,2,3,0.288,0.318,0.407,0.725
Josh Reddick,HOU,OF,33,141,501,57,138,19,3,14,56,5,2,36,66,1,9,0,0.275,0.319,0.409,0.728
Brandon Crawford,SF,SS,33,147,500,58,114,24,2,11,59,3,2,53,117,0,4,3,0.228,0.304,0.35,0.654
Jose Altuve,HOU,2B,30,124,500,89,149,27,3,31,74,6,5,41,82,1,3,3,0.298,0.353,0.55,0.903
Tim Anderson,CWS,SS,27,123,498,81,167,32,0,18,56,17,5,15,109,0,2,3,0.335,0.357,0.508,0.865
Yolmer Sanchez,CWS,2B,28,149,496,59,125,20,4,2,43,5,4,44,117,7,3,5,0.252,0.318,0.321,0.639
Orlando Arcia,MIL,SS,26,152,494,51,110,16,1,15,59,8,5,43,109,2,6,1,0.223,0.283,0.35,0.633
Jackie Bradley,BOS,OF,30,147,494,69,111,28,3,21,62,8,6,56,155,3,2,12,0.225,0.317,0.421,0.738
Miguel Cabrera,DET,1B,37,136,493,41,139,21,0,12,59,0,0,48,108,0,5,3,0.282,0.346,0.398,0.744
Kevin Newman,PIT,2B,27,130,493,61,152,20,6,12,64,16,8,28,62,2,1,7,0.308,0.353,0.446,0.799
Albert Pujols,LAA,1B,40,131,491,55,120,22,0,23,93,3,0,43,68,0,8,3,0.244,0.305,0.43,0.735
Brett Gardner,NYY,OF,37,141,491,86,123,26,7,28,74,10,2,52,108,0,3,4,0.251,0.325,0.503,0.828
Bryan Reynolds,PIT,OF,25,134,491,83,154,37,4,16,68,3,2,46,121,0,3,6,0.314,0.377,0.503,0.88
Avisail Garcia,TB,OF,29,125,489,61,138,25,2,20,72,10,4,31,125,0,3,7,0.282,0.332,0.464,0.796
Christian Yelich,MIL,OF,28,130,489,100,161,29,3,44,97,30,2,80,118,0,3,8,0.329,0.429,0.671,1.1
Corey Seager,LAD,SS,26,134,489,82,133,44,1,19,87,1,0,44,98,0,4,4,0.272,0.335,0.483,0.818
Max Muncy,LAD,2B,30,141,487,101,122,22,1,35,98,4,1,90,149,0,4,8,0.251,0.374,0.515,0.889
Dexter Fowler,STL,OF,34,150,487,69,116,24,1,19,67,8,5,74,142,1,4,8,0.238,0.346,0.409,0.755
Adam Jones,ARI,OF,35,137,485,66,126,25,1,16,67,2,1,31,101,0,3,8,0.26,0.313,0.414,0.727
Marcell Ozuna,STL,OF,29,130,485,80,117,23,1,29,89,12,2,62,114,0,1,1,0.241,0.328,0.472,0.8
Miguel Rojas,MIA,SS,31,132,483,52,137,29,1,5,46,9,5,32,62,1,5,5,0.284,0.331,0.379,0.71
Dansby Swanson,ATL,SS,26,127,483,77,121,26,3,17,65,10,5,51,124,1,5,5,0.251,0.325,0.422,0.747
Matt Olson,OAK,1B,26,127,483,73,129,26,0,36,91,0,0,51,138,0,1,12,0.267,0.351,0.545,0.896
Christian Vazquez,BOS,C,30,138,482,66,133,26,1,23,72,4,2,33,101,3,3,0,0.276,0.32,0.477,0.797
Jose Ramirez,CLE,3B,28,129,482,68,123,33,3,23,83,24,4,52,74,0,6,2,0.255,0.327,0.479,0.806
Khris Davis,OAK,DH,32,133,481,61,106,11,0,23,73,0,0,47,146,0,2,3,0.22,0.293,0.387,0.68
Ryan McMahon,COL,2B,25,141,480,70,120,22,1,24,83,5,1,56,160,1,1,1,0.25,0.329,0.45,0.779
George Springer,HOU,OF,31,122,479,96,140,20,3,39,96,6,2,67,113,0,4,6,0.292,0.383,0.591,0.974
Justin Turner,LAD,3B,35,135,479,80,139,24,0,27,67,2,0,51,88,0,5,14,0.29,0.372,0.509,0.881
Kolten Wong,STL,2B,30,148,478,61,136,25,4,11,59,24,4,47,83,6,5,13,0.285,0.361,0.423,0.784
Danny Santana,TEX,1B,29,130,474,81,134,23,6,28,81,21,6,25,151,0,5,6,0.283,0.324,0.534,0.858
Wilson Ramos,NYM,C,33,141,473,52,136,19,0,14,73,1,0,44,69,0,3,4,0.288,0.351,0.416,0.767
Mike Trout,LAA,OF,29,134,470,110,137,27,2,45,104,11,2,110,120,0,4,16,0.291,0.438,0.645,1.083
Eloy Jimenez,CWS,OF,23,122,468,69,125,18,2,31,79,0,0,30,134,0,2,4,0.267,0.315,0.513,0.828
Colin Moran,PIT,3B,28,149,466,46,129,30,1,13,80,0,1,30,117,0,4,3,0.277,0.322,0.429,0.751
Vladimir Guerrero,TOR,3B,21,123,464,52,126,26,2,15,69,0,1,46,91,0,2,2,0.272,0.339,0.433,0.772
Daniel Vogelbach,SEA,1B,27,144,462,73,96,17,0,30,76,0,0,92,149,0,2,2,0.208,0.341,0.439,0.78
Brian Anderson,MIA,3B,27,126,459,57,120,33,1,20,66,5,1,44,114,0,3,14,0.261,0.342,0.468,0.81
Ryan Braun,MIL,OF,36,144,459,70,131,31,2,22,75,11,1,34,105,0,3,8,0.285,0.343,0.505,0.848
Jurickson Profar,OAK,2B,27,139,459,65,100,24,2,20,67,9,1,48,75,0,3,8,0.218,0.301,0.41,0.711
C.J. Cron,MIN,1B,30,125,458,51,116,24,0,25,78,0,0,29,107,0,2,10,0.253,0.311,0.469,0.78
Jason Kipnis,CLE,2B,33,121,458,52,112,23,1,17,65,7,2,40,88,5,6,2,0.245,0.304,0.41,0.714
Scott Kingery,PHI,3B,26,126,458,64,118,34,4,19,55,15,4,34,147,1,2,5,0.258,0.315,0.474,0.789
Nelson Cruz,MIN,DH,40,120,454,81,141,26,0,41,108,0,1,56,131,0,3,7,0.311,0.392,0.639,1.031
Evan Longoria,SF,3B,35,129,453,59,115,19,2,20,69,3,1,43,112,0,5,7,0.254,0.325,0.437,0.762
Domingo Santana,SEA,OF,28,121,451,63,114,20,1,21,69,8,3,50,164,0,2,2,0.253,0.329,0.441,0.77
Freddy Galvis,TOR,2B,30,115,450,55,120,24,1,18,54,4,1,21,112,1,1,0,0.267,0.299,0.444,0.743
Joc Pederson,LAD,1B,28,149,450,83,112,16,3,36,74,1,1,50,111,0,2,12,0.249,0.339,0.538,0.877
Todd Frazier,NYM,3B,34,133,447,63,112,19,2,21,67,1,2,40,106,0,0,12,0.251,0.329,0.443,0.772
Kevin Kiermaier,TB,OF,30,129,447,60,102,20,7,14,55,19,5,26,104,1,1,5,0.228,0.278,0.398,0.676
Ian Desmond,COL,OF,35,140,443,64,113,31,4,20,65,3,3,34,119,1,2,2,0.255,0.31,0.479,0.789
Gio Urshela,NYY,3B,29,132,442,73,139,34,0,21,74,1,1,25,87,0,4,5,0.314,0.355,0.534,0.889
Hunter Renfroe,SD,OF,28,140,440,64,95,19,1,33,64,5,0,46,154,0,6,2,0.216,0.289,0.489,0.778
James McCann,CWS,C,30,118,439,62,120,26,1,18,60,4,1,30,137,1,0,6,0.273,0.328,0.46,0.788
Daniel Murphy,COL,1B,35,132,438,56,122,35,1,13,78,1,1,32,74,0,4,2,0.279,0.328,0.452,0.78
Oscar Mercado,CLE,OF,25,115,438,70,118,25,3,15,54,15,4,28,84,7,4,5,0.269,0.318,0.443,0.761
Wil Myers,SD,OF,29,155,435,58,104,22,1,18,53,16,7,51,168,1,1,2,0.239,0.321,0.418,0.739
Ramon Laureano,OAK,OF,26,123,434,79,125,29,0,24,67,13,2,27,123,1,8,11,0.288,0.34,0.521,0.861
Jonathan Schoop,MIN,2B,29,121,433,61,111,23,1,23,59,1,1,20,116,0,1,10,0.256,0.304,0.473,0.777
Jorge Alfaro,MIA,C,27,130,431,44,113,14,1,18,57,4,4,22,154,0,2,10,0.262,0.312,0.425,0.737
Nomar Mazara,TEX,OF,25,116,429,69,115,27,1,19,66,4,1,28,108,0,6,6,0.268,0.318,0.469,0.787
Luke Voit,NYY,1B,29,118,429,72,113,21,1,21,62,0,0,71,142,0,1,9,0.263,0.378,0.464,0.842
Omar Narvaez,SEA,C,28,132,428,63,119,12,0,22,55,0,0,47,92,0,3,4,0.278,0.353,0.46,0.813
Raimel Tapia,COL,OF,26,138,426,54,117,23,5,9,44,9,3,21,100,0,0,0,0.275,0.309,0.415,0.724
Marwin Gonzalez,MIN,3B,31,114,425,52,112,19,0,15,55,1,0,31,98,0,1,6,0.264,0.322,0.414,0.736
Niko Goodrum,DET,2B,28,112,423,61,105,27,5,12,45,12,3,46,138,0,2,1,0.248,0.322,0.421,0.743
Harold Ramirez,MIA,OF,26,119,421,54,116,20,3,11,50,2,1,18,91,0,1,5,0.276,0.312,0.416,0.728
Robbie Grossman,OAK,OF,31,138,420,57,101,21,3,6,38,9,4,59,86,0,2,1,0.24,0.334,0.348,0.682
Yadier Molina,STL,C,38,113,419,45,113,24,0,10,57,6,0,23,58,0,5,5,0.27,0.312,0.399,0.711
Brandon Drury,TOR,3B,28,120,418,43,91,21,1,15,41,0,1,25,113,0,3,1,0.218,0.262,0.38,0.642
Teoscar Hernandez,TOR,OF,28,125,417,58,96,19,2,26,65,6,3,45,153,0,1,1,0.23,0.306,0.472,0.778
Brian Dozier,WAS,2B,33,135,416,54,99,20,0,20,50,3,4,61,105,0,1,4,0.238,0.34,0.43,0.77
Matt Carpenter,STL,3B,34,129,416,59,94,20,2,15,46,6,1,63,129,1,5,7,0.226,0.334,0.392,0.726
Adalberto Mondesi,KC,SS,25,102,415,58,109,20,10,9,62,43,7,19,132,3,6,0,0.263,0.291,0.424,0.715
Enrique Hernandez,LAD,2B,29,130,414,57,98,19,1,17,64,4,0,36,97,0,4,6,0.237,0.304,0.411,0.715
Nick Markakis,ATL,OF,36,116,414,61,118,25,2,9,62,2,0,47,59,0,6,2,0.285,0.356,0.42,0.776
Justin Smoak,TOR,1B,33,121,414,54,86,16,0,22,61,0,0,79,106,0,1,6,0.208,0.342,0.406,0.748
Brian Goodwin,LAA,OF,30,136,413,65,108,29,3,17,47,7,3,38,129,1,3,3,0.262,0.326,0.47,0.796
Ji-Man Choi,TB,1B,29,127,410,54,107,20,2,19,63,2,3,64,108,0,7,6,0.261,0.363,0.459,0.822
Mark Canha,OAK,OF,31,126,410,80,112,16,3,26,58,3,2,67,107,0,2,18,0.273,0.396,0.517,0.913
J.D. Davis,NYM,3B,27,140,410,65,126,22,1,22,57,3,0,38,97,0,2,3,0.307,0.369,0.527,0.896
Buster Posey,SF,C,33,114,405,43,104,24,0,7,38,0,0,34,71,1,1,4,0.257,0.32,0.368,0.688
Nick Castellanos,DET,OF,28,100,403,57,110,37,3,11,37,2,1,31,96,0,2,3,0.273,0.328,0.462,0.79
Jarrod Dyson,ARI,OF,36,130,400,65,92,11,2,7,27,30,4,47,86,1,2,2,0.23,0.313,0.32,0.633
Andrelton Simmons,LAA,SS,31,103,398,47,105,19,0,7,40,10,2,24,37,0,0,2,0.264,0.309,0.364,0.673
Manuel Margot,SD,OF,26,151,398,59,93,19,3,12,37,20,4,38,88,3,0,2,0.234,0.304,0.387,0.691
Gary Sanchez,NYY,C,27,106,396,62,92,12,1,34,77,0,1,40,125,0,1,9,0.232,0.316,0.525,0.841
Eric Thames,MIL,1B,33,149,396,67,98,23,2,25,61,3,2,51,140,0,2,10,0.247,0.346,0.505,0.851
Dee Strange-Gordon,SEA,2B,32,117,393,36,108,12,6,3,34,22,5,18,61,3,6,1,0.275,0.304,0.359,0.663
Kyle Seager,SEA,3B,33,106,393,55,94,19,1,23,63,2,2,44,86,0,2,4,0.239,0.321,0.468,0.789
Brandon Dixon,DET,1B,28,118,391,41,97,20,4,15,52,5,1,21,136,0,4,4,0.248,0.29,0.435,0.725
Robinson Cano,NYM,2B,38,107,390,46,100,28,0,13,39,0,0,25,69,0,3,5,0.256,0.307,0.428,0.735
Roberto Perez,CLE,C,31,119,389,46,93,9,1,24,63,0,0,45,127,7,4,4,0.239,0.321,0.452,0.773
Maikel Franco,PHI,3B,28,123,389,48,91,17,0,17,56,0,0,36,61,0,3,0,0.234,0.297,0.409,0.706
Shohei Ohtani,LAA,P,26,106,384,51,110,20,5,18,62,12,3,33,110,0,4,2,0.286,0.343,0.505,0.848
David Peralta,ARI,OF,33,99,382,48,105,29,3,12,57,0,0,35,87,0,1,5,0.275,0.343,0.461,0.804
Garrett Cooper,MIA,1B,29,107,381,52,107,16,1,15,50,0,0,33,110,0,2,5,0.281,0.344,0.446,0.79
Anthony Santander,BAL,OF,26,93,380,46,99,20,1,20,59,1,2,19,86,1,3,2,0.261,0.297,0.476,0.773
Miguel Sano,MIN,3B,27,105,380,76,94,19,2,34,79,0,1,55,159,0,1,3,0.247,0.346,0.576,0.922
Nicky Lopez,KC,2B,25,103,379,44,91,22,2,2,30,1,1,18,51,4,0,1,0.24,0.276,0.325,0.601
Melky Cabrera,PIT,OF,36,133,378,43,106,22,1,7,47,2,0,17,41,1,0,1,0.28,0.313,0.399,0.712
Aaron Judge,NYY,OF,28,102,378,75,103,18,1,27,55,3,2,64,141,0,1,3,0.272,0.381,0.54,0.921
Jose Peraza,CIN,2B,26,141,376,37,90,18,2,6,33,7,6,17,58,0,2,8,0.239,0.285,0.346,0.631
Nick Senzel,CIN,OF,25,104,375,55,96,20,4,12,42,14,5,30,101,0,1,3,0.256,0.315,0.427,0.742
David Dahl,COL,OF,26,100,374,67,113,28,5,15,61,4,4,28,110,2,5,4,0.302,0.353,0.524,0.877
Yasiel Puig,CIN,OF,29,100,373,51,94,15,1,22,61,14,5,23,89,0,3,5,0.252,0.302,0.475,0.777
Jake Bauers,CLE,1B,25,117,372,46,84,16,1,12,43,3,3,45,115,0,3,3,0.226,0.312,0.371,0.683
Mike Yastrzemski,SF,OF,30,107,371,64,101,22,3,21,55,2,4,32,107,1,3,4,0.272,0.334,0.518,0.852
Rowdy Tellez,TOR,1B,25,111,370,49,84,19,0,21,54,1,1,29,116,0,3,7,0.227,0.293,0.449,0.742
Rio Ruiz,BAL,3B,26,127,370,35,86,13,2,12,46,0,1,40,88,1,2,0,0.232,0.306,0.376,0.682
Christin Stewart,DET,OF,26,104,369,32,86,25,1,10,40,0,1,34,103,0,6,7,0.233,0.305,0.388,0.693
Chris Taylor,LAD,2B,30,124,366,52,96,29,4,12,52,8,0,37,115,2,5,4,0.262,0.333,0.462,0.795
Robinson Chirinos,HOU,C,36,114,366,57,87,22,1,17,58,1,2,51,125,2,5,13,0.238,0.347,0.443,0.79
Willson Contreras,CHC,C,28,105,360,57,98,18,2,24,64,1,2,38,102,0,2,9,0.272,0.355,0.533,0.888
Tony Wolters,COL,C,28,121,359,42,94,17,2,1,42,0,1,36,68,2,6,8,0.262,0.337,0.329,0.666
Delino DeShields,TEX,OF,28,118,357,42,89,15,4,4,32,24,6,38,100,8,2,3,0.249,0.325,0.347,0.672
Dwight Smith,BAL,OF,28,101,357,46,86,16,3,13,53,5,1,26,82,1,4,4,0.241,0.297,0.412,0.709
Stephen Piscotty,OAK,OF,29,93,357,46,89,17,1,13,44,2,0,29,84,1,3,3,0.249,0.309,0.412,0.721
Luis Rengifo,LAA,2B,23,108,357,44,85,18,3,7,33,2,5,40,93,1,3,5,0.238,0.321,0.364,0.685
Harold Castro,DET,2B,26,97,354,30,103,10,4,5,38,4,2,9,86,2,4,0,0.291,0.305,0.384,0.689
Cavan Biggio,TOR,2B,25,100,354,66,83,17,2,16,48,14,0,71,123,0,2,2,0.234,0.364,0.429,0.793
Harrison Bader,STL,OF,26,128,347,54,71,14,3,12,39,11,3,46,117,1,2,10,0.205,0.314,0.366,0.68
Michael Chavis,BOS,2B,25,95,347,46,88,10,1,18,58,2,1,31,127,0,0,4,0.254,0.322,0.444,0.766
Danny Jansen,TOR,C,25,107,347,41,72,12,1,13,43,0,1,31,79,1,1,4,0.207,0.279,0.36,0.639
J.P. Crawford,SEA,SS,25,93,345,43,78,21,4,7,46,5,3,43,83,3,3,2,0.226,0.313,0.371,0.684
Joe Panik,SF,2B,30,103,344,33,81,17,1,3,27,4,2,36,38,1,4,3,0.235,0.31,0.317,0.627
Alex Verdugo,LAD,OF,24,106,343,43,101,22,2,12,44,4,1,26,49,0,6,2,0.294,0.342,0.475,0.817
Chad Pinder,OAK,2B,28,124,341,45,82,21,0,13,47,0,1,20,88,1,3,5,0.24,0.29,0.416,0.706
Albert Almora,CHC,OF,26,130,339,41,80,11,1,12,32,2,1,16,62,5,2,1,0.236,0.271,0.381,0.652
Jesse Winker,CIN,OF,27,113,338,51,91,17,2,16,38,0,2,38,60,0,0,8,0.269,0.357,0.473,0.83
Neil Walker,MIA,1B,35,115,337,37,88,19,1,8,38,3,0,42,77,0,1,1,0.261,0.344,0.395,0.739
Jeimer Candelario,DET,1B,26,94,335,33,68,17,2,8,32,3,1,43,99,0,1,7,0.203,0.306,0.337,0.643
Howie Kendrick,WAS,2B,37,121,334,61,115,23,1,17,62,2,1,27,49,0,5,4,0.344,0.395,0.572,0.967
Fernando Tatis,SD,SS,21,84,334,61,106,13,6,22,53,16,6,30,110,0,3,5,0.317,0.379,0.59,0.969
Jose Martinez,STL,OF,32,128,334,45,90,13,2,10,42,3,0,35,82,0,2,2,0.269,0.34,0.41,0.75
Stevie Wilkerson,BAL,OF,28,119,329,41,74,18,2,10,35,3,3,22,108,1,2,7,0.225,0.286,0.383,0.669
Ryan O'Hearn,KC,1B,27,105,328,32,64,13,1,14,38,0,1,39,99,0,2,1,0.195,0.281,0.369,0.65
Travis d'Arnaud,TB,C,31,92,327,50,86,16,0,16,67,0,1,30,80,0,6,2,0.263,0.323,0.459,0.782
Luis Arraez,MIN,2B,23,92,326,54,109,20,1,4,28,2,2,36,29,0,3,1,0.334,0.399,0.439,0.838
Tommy Edman,STL,2B,25,92,326,59,99,17,7,11,36,15,1,16,61,0,0,7,0.304,0.35,0.5,0.85
Didi Gregorius,NYY,SS,30,82,324,47,77,14,2,16,61,2,1,17,53,0,2,1,0.238,0.276,0.441,0.717
Asdrubal Cabrera,TEX,2B,34,93,323,45,76,15,0,12,51,4,0,38,85,0,4,3,0.235,0.318,0.393,0.711
Franmil Reyes,SD,OF,25,99,321,43,82,9,0,27,46,0,0,29,93,0,4,0,0.255,0.314,0.536,0.85
John Hicks,DET,C,31,95,319,29,67,15,0,13,35,1,1,13,109,0,1,0,0.21,0.24,0.379,0.619
Curtis Granderson,MIA,OF,39,138,317,44,58,17,1,12,34,0,3,41,98,0,2,3,0.183,0.281,0.356,0.637
Logan Forsythe,TEX,3B,33,101,317,38,72,17,1,7,39,2,0,44,100,0,2,3,0.227,0.325,0.353,0.678
Tucker Barnhart,CIN,C,29,114,316,32,73,14,0,11,40,1,0,44,83,1,1,2,0.231,0.328,0.38,0.708
Carson Kelly,ARI,C,26,111,314,46,77,19,0,18,47,0,0,48,79,0,1,2,0.245,0.348,0.478,0.826
Josh Phegley,OAK,C,32,106,314,44,75,18,0,12,62,0,1,15,63,2,5,6,0.239,0.282,0.411,0.693
Yan Gomes,WAS,C,33,97,314,36,70,16,0,12,43,2,0,38,84,0,1,5,0.223,0.316,0.389,0.705
Lourdes Gurriel,TOR,OF,27,84,314,52,87,19,2,20,50,6,4,20,86,1,3,5,0.277,0.327,0.541,0.868
Keston Hiura,MIL,2B,24,84,314,51,95,23,2,19,49,9,3,25,107,0,1,8,0.303,0.368,0.57,0.938
Yordan Alvarez,HOU,DH,23,87,313,58,98,26,0,27,78,0,0,52,94,0,2,2,0.313,0.412,0.655,1.067
Austin Hedges,SD,C,28,102,312,28,55,9,0,11,36,1,0,27,109,2,1,5,0.176,0.252,0.311,0.563
Greg Garcia,SD,2B,31,134,311,52,77,13,4,4,31,0,2,53,83,1,2,5,0.248,0.364,0.354,0.718
Ben Gamel,MIL,OF,28,134,311,47,77,18,0,7,33,2,2,40,104,0,2,3,0.248,0.337,0.373,0.71
Mitch Garver,MIN,C,29,93,311,70,85,16,1,31,67,0,0,41,87,0,2,5,0.273,0.365,0.63,0.995
Matt Adams,WAS,1B,32,111,310,42,70,14,0,20,56,0,0,20,115,0,1,2,0.226,0.276,0.465,0.741
Cheslor Cuthbert,KC,1B,27,87,309,24,76,14,0,9,40,1,0,19,67,0,0,2,0.246,0.294,0.379,0.673
Willie Calhoun,TEX,OF,26,83,309,51,83,14,1,21,48,0,0,23,53,0,2,3,0.269,0.323,0.524,0.847
A.J. Pollock,LAD,OF,32,86,308,49,82,15,1,15,47,5,1,23,74,0,4,7,0.266,0.327,0.468,0.795
Chris Davis,BAL,1B,34,105,307,26,55,9,0,12,36,0,0,39,139,0,3,3,0.179,0.276,0.326,0.602
Yandy Diaz,TB,3B,29,79,307,53,82,20,1,14,38,2,2,35,61,0,4,1,0.267,0.34,0.476,0.816
Pedro Severino,BAL,C,27,96,305,37,76,13,0,13,44,3,1,29,73,1,2,4,0.249,0.321,0.42,0.741
Tim Beckham,SEA,SS,30,88,304,39,72,21,1,15,47,1,3,21,102,0,0,3,0.237,0.293,0.461,0.754
Elias Diaz,PIT,C,29,101,303,31,73,14,0,2,28,0,0,23,56,1,3,2,0.241,0.296,0.307,0.603
David Bote,CHC,2B,27,127,303,47,78,17,0,11,41,5,1,44,93,0,2,7,0.257,0.362,0.422,0.784
Garrett Hampson,COL,2B,26,105,299,40,74,9,4,8,27,15,3,24,88,2,2,0,0.247,0.302,0.385,0.687
JaCoby Jones,DET,OF,28,88,298,39,70,19,3,11,26,7,2,27,94,1,1,6,0.235,0.31,0.43,0.74
Mitch Moreland,BOS,1B,35,91,298,48,75,17,1,19,58,1,0,34,74,0,2,1,0.252,0.328,0.507,0.835
Brandon Lowe,TB,2B,26,82,296,42,80,17,2,17,51,5,0,25,113,0,1,5,0.27,0.336,0.514,0.85
Tommy La Stella,LAA,2B,31,80,292,49,86,8,0,16,44,0,0,20,28,0,0,3,0.295,0.346,0.486,0.832
Jake Marisnick,HOU,OF,29,120,292,46,68,16,3,10,34,10,3,17,95,3,0,6,0.233,0.289,0.411,0.7
Eric Sogard,TOR,2B,34,73,287,45,86,17,2,10,30,6,0,29,47,3,3,1,0.3,0.363,0.477,0.84
Hunter Pence,TEX,OF,37,83,286,53,85,17,1,18,59,6,1,26,69,0,2,2,0.297,0.358,0.552,0.91
Richie Martin,BAL,SS,25,120,283,29,59,8,3,6,23,10,1,14,83,5,1,6,0.208,0.26,0.322,0.582
Carlos Correa,HOU,SS,26,75,280,42,78,16,1,21,59,1,0,35,75,0,4,2,0.279,0.358,0.568,0.926
Kurt Suzuki,WAS,C,37,85,280,37,74,11,0,17,63,0,1,20,36,0,3,6,0.264,0.324,0.486,0.81
Brian McCann,ATL,C,36,85,277,28,69,9,0,12,45,0,0,31,53,0,6,2,0.249,0.323,0.412,0.735
Ronny Rodriguez,DET,2B,28,84,276,29,61,12,3,14,43,3,1,13,82,0,5,0,0.221,0.252,0.438,0.69
Victor Reyes,DET,OF,26,69,276,29,84,16,5,3,25,9,3,14,64,0,2,0,0.304,0.336,0.431,0.767
Billy Hamilton,KC,OF,30,93,275,32,58,12,2,0,12,18,5,25,74,3,2,0,0.211,0.275,0.269,0.544
Austin Riley,ATL,OF,23,80,274,41,62,11,1,18,49,0,2,16,108,0,2,5,0.226,0.279,0.471,0.75
Tyler Naquin,CLE,OF,29,89,274,34,79,19,0,10,34,4,2,14,66,2,2,2,0.288,0.325,0.467,0.792
Dawel Lugo,DET,3B,25,77,273,28,67,11,4,6,26,0,0,8,59,0,4,3,0.245,0.271,0.381,0.652
Pablo Sandoval,SF,3B,34,108,272,42,73,23,0,14,41,1,0,18,67,2,3,1,0.268,0.313,0.507,0.82
Tyler Flowers,ATL,C,34,85,271,36,62,11,3,11,34,0,0,31,105,0,2,6,0.229,0.319,0.413,0.732
Byron Buxton,MIN,OF,26,87,271,48,71,30,4,10,46,14,3,19,68,2,1,2,0.262,0.314,0.513,0.827
Mike Zunino,TB,C,29,90,266,30,44,10,1,9,32,0,0,20,98,0,0,3,0.165,0.232,0.312,0.544
Wilmer Flores,ARI,2B,29,89,265,31,84,18,0,9,37,0,0,15,31,0,1,4,0.317,0.361,0.487,0.848
Jose Osuna,PIT,1B,27,95,261,41,69,20,0,10,36,0,0,18,48,0,4,1,0.264,0.31,0.456,0.766
Steven Duggar,SF,OF,27,73,261,26,61,12,2,4,28,1,4,16,78,0,3,1,0.234,0.278,0.341,0.619
Mike Tauchman,NYY,OF,29,87,260,46,72,18,1,13,47,6,0,34,71,0,1,1,0.277,0.361,0.504,0.865
Tom Murphy,SEA,C,29,76,260,32,71,12,1,18,40,2,0,19,87,0,1,1,0.273,0.324,0.535,0.859
Brock Holt,BOS,2B,32,87,259,38,77,14,2,3,31,1,0,28,57,0,4,4,0.297,0.369,0.402,0.771
Juan Lagares,NYM,OF,31,133,258,38,55,12,1,5,27,4,1,22,75,2,1,2,0.213,0.279,0.326,0.605
Ian Kinsler,SD,2B,38,87,258,28,56,12,0,9,22,2,4,19,54,0,1,3,0.217,0.278,0.368,0.646
Jordy Mercer,DET,SS,34,74,256,24,69,16,0,9,22,0,0,13,57,0,0,2,0.27,0.31,0.438,0.748
Ronald Guzman,TEX,1B,26,87,256,34,56,20,0,10,36,1,2,32,87,0,4,3,0.219,0.308,0.414,0.722
Jon Berti,MIA,SS,30,73,256,52,70,14,1,6,24,17,3,24,73,0,1,6,0.273,0.348,0.406,0.754
Stephen Vogt,SF,C,36,99,255,30,67,24,2,10,40,3,1,20,66,0,4,1,0.263,0.314,0.49,0.804
Josh Naylor,SD,OF,23,94,253,29,63,15,0,8,32,1,1,25,64,0,1,0,0.249,0.315,0.403,0.718
Billy McKinney,TOR,OF,26,84,251,37,54,14,1,12,28,0,2,19,73,2,2,2,0.215,0.274,0.422,0.696
Derek Dietrich,CIN,2B,31,113,251,41,47,8,2,19,43,1,1,28,74,0,1,25,0.187,0.328,0.462,0.79
Matt Beaty,LAD,1B,27,99,249,36,66,19,1,9,46,5,0,17,33,0,0,2,0.265,0.317,0.458,0.775
Dylan Moore,SEA,SS,28,113,247,31,51,14,2,9,28,11,9,25,93,1,0,9,0.206,0.302,0.389,0.691
Mitch Haniger,SEA,OF,29,63,246,46,54,13,1,15,32,4,0,30,81,0,2,5,0.22,0.314,0.463,0.777
Martin Prado,MIA,3B,37,104,245,26,57,9,0,2,15,0,0,12,41,0,3,0,0.233,0.265,0.294,0.559
Victor Caratini,CHC,C,27,95,244,31,65,11,0,11,34,1,0,29,59,0,3,3,0.266,0.348,0.447,0.795
Joey Gallo,TEX,OF,26,70,241,54,61,15,1,22,49,4,2,52,114,1,1,2,0.253,0.389,0.598,0.987
Edwin Encarnacion,SEA,1B,37,65,241,48,58,7,0,21,49,0,1,41,55,0,3,4,0.241,0.356,0.531,0.887
Jonathan Lucroy,LAA,C,34,74,240,28,58,8,1,7,30,0,0,21,39,0,3,4,0.242,0.31,0.371,0.681
Cameron Maybin,NYY,OF,33,82,239,48,68,17,0,11,32,9,6,30,72,0,0,0,0.285,0.364,0.494,0.858
Martin Maldonado,KC,C,34,74,238,26,54,15,0,6,17,0,0,17,55,2,1,5,0.227,0.291,0.366,0.657
Joey Wendle,TB,2B,30,75,238,32,55,13,2,3,19,8,3,14,47,0,3,8,0.231,0.293,0.34,0.633
Austin Nola,SEA,C,30,79,238,37,64,12,1,10,31,1,0,23,63,1,1,4,0.269,0.342,0.454,0.796
Jason Castro,MIN,C,33,79,237,39,55,9,0,13,30,0,0,33,88,1,1,3,0.232,0.332,0.435,0.767
Leonys Martin,CLE,OF,32,65,236,32,47,7,0,9,19,4,5,21,78,3,0,4,0.199,0.276,0.343,0.619
Phillip Ervin,CIN,OF,28,94,236,30,64,11,7,7,23,4,3,18,63,0,2,4,0.271,0.331,0.466,0.797
Hernan Perez,MIL,2B,29,91,232,29,53,11,0,8,18,5,1,11,66,2,1,0,0.228,0.262,0.379,0.641
Johan Camargo,ATL,SS,26,98,232,31,54,12,1,7,32,1,0,15,43,1,0,0,0.233,0.279,0.384,0.663
Greg Allen,CLE,OF,27,89,231,30,53,9,3,4,27,8,2,11,53,4,1,9,0.229,0.29,0.346,0.636
Travis Shaw,MIL,3B,30,86,230,22,36,5,0,7,16,0,0,36,89,0,0,4,0.157,0.281,0.27,0.551
Welington Castillo,CWS,C,33,72,230,19,48,12,0,12,41,0,0,16,74,0,2,3,0.209,0.267,0.417,0.684
Austin Romine,NYY,C,31,73,228,29,64,12,0,8,35,1,1,10,50,1,1,0,0.281,0.31,0.439,0.749
Jeff Mathis,TEX,C,37,88,228,17,36,9,0,2,12,1,0,15,87,0,1,0,0.158,0.209,0.224,0.433
Josh VanMeter,CIN,OF,25,95,228,33,54,13,1,8,23,9,3,29,56,0,1,2,0.237,0.327,0.408,0.735
Adam Engel,CWS,OF,28,89,227,26,55,10,2,6,26,3,3,14,78,1,0,6,0.242,0.304,0.383,0.687
Francisco Mejia,SD,C,25,79,226,27,60,11,2,8,22,1,1,13,56,0,1,4,0.265,0.316,0.438,0.754
Lewis Brinson,MIA,OF,26,75,226,15,39,9,1,0,15,1,1,13,74,2,1,6,0.173,0.236,0.221,0.457
Clint Frazier,NYY,OF,26,69,225,31,60,14,0,12,38,1,2,16,70,0,3,2,0.267,0.317,0.489,0.806
Jordan Luplow,CLE,OF,27,85,225,42,62,15,1,15,38,3,2,33,61,0,1,2,0.276,0.372,0.551,0.923
Gordon Beckham,DET,2B,34,83,223,29,48,13,2,6,15,3,1,13,68,0,0,4,0.215,0.271,0.372,0.643
Jesus Aguilar,MIL,1B,30,94,222,26,50,9,0,8,34,0,0,31,59,0,4,2,0.225,0.32,0.374,0.694
Adam Haseley,PHI,OF,24,67,222,30,59,14,0,5,26,4,0,14,60,1,0,5,0.266,0.324,0.396,0.72
Aaron Hicks,NYY,OF,31,59,221,41,52,10,0,12,36,1,2,31,72,0,3,0,0.235,0.325,0.443,0.768
Yonder Alonso,CWS,1B,33,67,219,23,39,6,0,7,27,0,1,29,53,0,2,1,0.178,0.275,0.301,0.576
Justin Upton,LAA,OF,33,63,219,34,47,8,0,12,40,1,1,32,78,0,5,0,0.215,0.309,0.416,0.725
Andrew McCutchen,PHI,OF,34,59,219,45,56,12,1,10,29,2,1,43,55,0,0,0,0.256,0.378,0.457,0.835
Tyler White,HOU,1B,30,71,218,16,49,14,0,3,21,0,0,32,74,0,3,0,0.225,0.32,0.33,0.65
Ryan Cordell,CWS,OF,28,97,217,22,48,8,0,7,24,3,1,19,69,6,2,3,0.221,0.29,0.355,0.645
Addison Russell,CHC,2B,26,82,215,25,51,4,1,9,23,2,0,20,58,1,2,3,0.237,0.308,0.391,0.699
Donovan Solano,SF,2B,32,81,215,27,71,13,1,4,23,0,1,10,49,0,2,1,0.33,0.36,0.456,0.816
Luis Urias,SD,2B,23,71,215,27,48,8,1,4,24,0,1,25,56,0,0,9,0.223,0.329,0.326,0.655
Tim Locastro,ARI,OF,28,91,212,38,53,12,2,1,17,17,0,14,44,1,1,22,0.25,0.357,0.34,0.697
Nick Castellanos,CHC,OF,28,51,212,43,68,21,0,16,36,0,1,10,47,0,1,2,0.321,0.356,0.646,1.002
Austin Barnes,LAD,C,30,75,212,28,43,12,1,5,25,3,0,23,56,0,2,5,0.203,0.293,0.34,0.633
Aledmys Diaz,HOU,2B,30,69,210,36,57,12,1,9,40,2,0,26,28,0,6,5,0.271,0.356,0.467,0.823
Russell Martin,LAD,C,37,83,209,29,46,5,0,6,20,1,0,30,60,0,2,8,0.22,0.337,0.33,0.667
Grayson Greiner,DET,C,28,58,208,18,42,5,1,5,19,0,0,13,70,1,1,1,0.202,0.251,0.308,0.559
Curt Casali,CIN,C,31,84,207,24,52,9,0,8,32,0,0,25,59,0,3,1,0.251,0.331,0.411,0.742
Daniel Robertson,TB,2B,26,74,207,23,44,9,1,2,19,2,2,24,59,0,0,6,0.213,0.312,0.295,0.607
Aristides Aquino,CIN,OF,26,56,205,31,53,8,0,19,47,7,0,16,60,0,2,2,0.259,0.316,0.576,0.892
Guillermo Heredia,TB,OF,29,89,204,31,46,13,0,5,20,2,2,18,60,2,1,6,0.225,0.306,0.363,0.669
Ehire Adrianza,MIN,SS,31,84,202,34,55,8,3,5,22,0,2,20,40,2,4,6,0.272,0.349,0.416,0.765
Isiah Kiner-Falefa,TEX,C,25,65,202,23,48,12,1,1,21,3,0,14,49,1,1,4,0.238,0.299,0.322,0.621
Ildemaro Vargas,ARI,2B,29,92,201,25,54,9,1,6,24,1,0,9,24,0,1,0,0.269,0.299,0.413,0.712
Matt Joyce,ATL,OF,36,129,200,32,59,10,0,7,23,0,0,38,45,0,0,0,0.295,0.408,0.45,0.858
Brandon Nimmo,NYM,OF,27,69,199,34,44,11,1,8,29,3,0,46,71,1,3,5,0.221,0.375,0.407,0.782
Ender Inciarte,ATL,OF,30,65,199,30,49,11,2,5,24,7,1,26,41,0,1,4,0.246,0.343,0.397,0.74
Jake Cave,MIN,OF,27,72,198,28,51,11,2,8,25,0,0,21,71,0,1,8,0.258,0.351,0.455,0.806
Bo Bichette,TOR,SS,22,46,196,32,61,18,0,11,21,4,4,14,50,0,1,1,0.311,0.358,0.571,0.929
Jacob Stallings,PIT,C,30,71,191,26,50,5,0,6,13,0,0,16,40,1,0,2,0.262,0.325,0.382,0.707
Kevan Smith,LAA,C,32,67,191,21,48,12,0,5,20,2,0,16,37,0,1,3,0.251,0.318,0.393,0.711
Willians Astudillo,MIN,C,29,58,190,28,51,9,0,4,21,0,0,5,8,0,4,5,0.268,0.299,0.379,0.678
Gerardo Parra,WAS,OF,33,89,188,30,47,11,1,8,42,6,2,11,41,1,1,3,0.25,0.3,0.447,0.747
Jake Lamb,ARI,3B,30,78,187,26,36,8,2,6,30,1,0,32,55,0,2,5,0.193,0.323,0.353,0.676
Bubba Starling,KC,OF,28,56,186,26,40,7,0,4,12,2,0,9,56,1,0,1,0.215,0.255,0.317,0.572
Ty France,SD,2B,26,69,184,20,43,8,1,7,24,0,2,9,49,0,1,7,0.234,0.294,0.402,0.696
Kyle Farmer,CIN,2B,30,97,183,22,42,6,0,9,27,4,1,10,59,0,1,3,0.23,0.279,0.41,0.689
Yasiel Puig,CLE,OF,29,49,182,25,54,15,1,2,23,5,2,21,44,0,1,3,0.297,0.377,0.423,0.8
Isan Diaz,MIA,2B,24,49,179,17,31,5,2,5,23,0,3,19,59,0,1,2,0.173,0.259,0.307,0.566
Austin Dean,MIA,OF,27,64,178,17,40,14,0,6,21,0,2,9,47,1,1,0,0.225,0.261,0.404,0.665
Dominic Smith,NYM,1B,25,89,177,35,50,10,0,11,25,1,2,19,44,0,0,1,0.282,0.355,0.525,0.88
Edwin Encarnacion,NYY,1B,37,44,177,33,44,11,0,13,37,0,0,17,48,0,0,3,0.249,0.325,0.531,0.856
Mike Freeman,CLE,2B,33,75,177,27,49,8,0,4,24,1,2,22,61,6,4,4,0.277,0.362,0.39,0.752
Franmil Reyes,CLE,OF,25,51,173,26,41,10,0,10,35,0,0,18,63,0,3,0,0.237,0.304,0.468,0.772
Jung Ho Kang,PIT,3B,33,65,172,15,29,7,1,10,24,0,0,11,60,0,1,1,0.169,0.222,0.395,0.617
Yairo Munoz,STL,3B,25,88,172,20,46,7,1,2,13,8,3,7,37,0,1,1,0.267,0.298,0.355,0.653
Sandy Leon,BOS,C,31,65,172,14,33,3,0,5,19,0,0,13,47,4,1,1,0.192,0.251,0.297,0.548
Ryan Zimmerman,WAS,1B,36,52,171,20,44,9,0,6,27,0,0,17,39,0,2,0,0.257,0.321,0.415,0.736
Will Smith,LAD,C,25,54,170,30,43,9,0,15,42,2,0,18,52,0,3,5,0.253,0.337,0.571,0.908
Travis Demeritte,DET,OF,26,48,169,24,38,7,2,3,10,3,0,14,63,1,1,1,0.225,0.286,0.343,0.629
Ryon Healy,SEA,3B,28,47,169,24,40,16,0,7,26,0,0,13,40,0,4,1,0.237,0.289,0.456,0.745
Austin Slater,SF,OF,27,68,168,20,40,9,3,5,21,1,0,22,59,0,0,2,0.238,0.333,0.417,0.75
Matt Wieters,STL,C,34,67,168,15,36,4,0,11,27,1,1,12,47,0,2,1,0.214,0.268,0.435,0.703
Daniel Descalso,CHC,2B,34,82,168,20,29,5,1,2,15,2,1,23,57,1,1,0,0.173,0.271,0.25,0.521
Eduardo Nunez,BOS,2B,33,60,167,13,38,7,0,2,20,5,1,4,27,1,2,0,0.228,0.243,0.305,0.548
Chance Sisco,BAL,C,25,59,167,29,35,7,0,8,20,0,1,22,61,0,0,9,0.21,0.333,0.395,0.728
Jon Jay,CWS,OF,35,47,165,12,44,8,0,0,9,0,0,8,30,5,1,3,0.267,0.311,0.315,0.626
Jay Bruce,SEA,OF,33,47,165,27,35,11,0,14,28,1,0,16,53,0,2,1,0.212,0.283,0.533,0.816
Alex Avila,ARI,C,33,63,164,22,34,8,0,9,24,1,0,36,68,0,0,1,0.207,0.353,0.421,0.774
Tony Kemp,HOU,2B,29,66,163,23,37,6,2,7,17,4,3,16,29,1,2,4,0.227,0.308,0.417,0.725
David Freese,LAD,3B,37,79,162,35,51,13,0,11,29,0,0,23,44,0,0,1,0.315,0.403,0.599,1.002
Manny Pina,MIL,C,33,76,158,10,36,8,0,7,25,0,0,16,50,0,1,4,0.228,0.313,0.411,0.724
Kevin Plawecki,CLE,C,29,60,158,13,35,10,0,3,17,0,1,12,31,0,1,3,0.222,0.287,0.342,0.629
Trent Grisham,MIL,OF,24,51,156,24,36,6,2,6,24,1,0,20,48,0,3,4,0.231,0.328,0.41,0.738
Alex Dickerson,SF,OF,30,56,155,28,45,13,3,6,26,1,1,13,35,0,1,2,0.29,0.351,0.529,0.88
Gregory Polanco,PIT,OF,29,42,153,23,37,8,1,6,17,3,1,12,49,0,0,1,0.242,0.301,0.425,0.726
Shed Long,SEA,2B,25,42,152,21,40,12,1,5,15,3,3,16,40,0,0,0,0.263,0.333,0.454,0.787
Nate Lowe,TB,1B,25,50,152,24,40,8,0,7,19,0,0,13,50,0,2,2,0.263,0.325,0.454,0.779
Justin Bour,LAA,1B,32,52,151,18,26,5,0,8,26,0,0,17,52,0,1,1,0.172,0.259,0.364,0.623
Ben Zobrist,CHC,2B,39,47,150,24,39,5,0,1,17,0,0,23,24,0,2,1,0.26,0.358,0.313,0.671
Marco Hernandez,BOS,2B,28,61,148,18,37,7,0,2,11,1,2,3,42,1,0,3,0.25,0.279,0.338,0.617
Matt Duffy,TB,3B,29,46,147,12,37,8,0,1,12,0,1,19,29,0,1,2,0.252,0.343,0.327,0.67
Cole Tucker,PIT,SS,24,56,147,16,31,10,3,2,13,0,0,10,40,1,0,1,0.211,0.266,0.361,0.627
Matt Thaiss,LAA,3B,25,53,147,17,31,7,0,8,23,0,0,17,52,0,0,0,0.211,0.293,0.422,0.715
Jay Bruce,PHI,OF,33,51,145,16,32,6,0,12,31,0,0,3,29,0,1,0,0.221,0.235,0.51,0.745
Chris Iannetta,COL,C,37,52,144,20,32,10,0,6,21,0,0,18,54,0,1,1,0.222,0.311,0.417,0.728
Charlie Tilson,CWS,OF,27,54,144,16,33,5,0,1,12,4,0,10,38,0,0,3,0.229,0.293,0.285,0.578
Ryan Goins,CWS,3B,32,52,144,13,36,6,1,2,10,0,1,17,44,1,0,1,0.25,0.333,0.347,0.68
Sam Travis,BOS,1B,27,59,144,17,31,4,1,6,16,2,0,11,36,0,1,1,0.215,0.274,0.382,0.656
Mike Ford,NYY,1B,28,50,143,30,37,7,0,12,25,0,0,17,28,0,0,3,0.259,0.35,0.559,0.909
Pablo Reyes,PIT,OF,27,71,143,18,29,7,2,2,19,1,1,13,36,0,0,1,0.203,0.274,0.322,0.596
Erik Gonzalez,PIT,SS,29,53,142,15,36,4,1,1,6,4,1,9,37,3,1,1,0.254,0.301,0.317,0.618
Jose Rondon,CWS,2B,26,55,142,10,28,3,0,3,9,0,0,11,38,1,0,2,0.197,0.265,0.282,0.547
Adeiny Hechavarria,NYM,SS,31,60,142,20,29,7,0,5,18,3,1,8,33,0,0,1,0.204,0.252,0.359,0.611
Tyler O'Neill,STL,OF,25,60,141,18,37,6,0,5,16,1,0,10,53,0,0,0,0.262,0.311,0.411,0.722
Ian Happ,CHC,OF,26,58,140,25,37,7,1,11,30,2,0,15,39,0,1,0,0.264,0.333,0.564,0.897
Josh Rojas,ARI,OF,26,41,138,17,30,7,0,2,16,4,2,18,41,0,0,1,0.217,0.312,0.312,0.624
Josh Harrison,DET,2B,33,36,137,10,24,7,1,1,8,4,2,6,27,0,2,2,0.175,0.218,0.263,0.481
Andrew Knapp,PHI,C,28,74,136,12,29,9,0,2,8,0,0,18,51,3,0,3,0.213,0.318,0.324,0.642
Tomas Nido,NYM,C,26,50,136,9,26,5,0,4,14,0,0,7,37,1,0,0,0.191,0.231,0.316,0.547
Charlie Culberson,ATL,OF,31,108,135,14,35,5,2,5,20,0,1,6,44,1,1,1,0.259,0.294,0.437,0.731
Mark Reynolds,COL,1B,37,78,135,13,23,7,0,4,20,2,0,22,57,0,3,2,0.17,0.29,0.311,0.601
Chris Owings,KC,2B,29,41,135,9,18,4,1,2,9,4,1,8,55,0,0,2,0.133,0.193,0.222,0.415
Corey Dickerson,PHI,OF,31,34,133,13,39,10,2,8,34,0,0,3,33,0,1,0,0.293,0.307,0.579,0.886
Meibrys Viloria,KC,C,23,42,133,7,28,7,0,1,15,0,1,10,44,1,4,0,0.211,0.259,0.286,0.545
JT Riddle,MIA,OF,29,51,132,15,25,6,0,6,12,0,0,5,42,0,0,2,0.189,0.23,0.371,0.601
Mike Brosseau,TB,2B,26,51,132,17,36,7,0,6,16,1,0,7,39,1,0,2,0.273,0.319,0.462,0.781
Wilmer Difo,WAS,SS,28,43,131,15,33,2,0,2,8,0,1,12,29,1,0,0,0.252,0.315,0.313,0.628
Tyler Austin,SF,1B,29,70,130,24,24,2,1,8,20,1,0,17,57,0,0,0,0.185,0.279,0.4,0.679
Corey Dickerson,PIT,OF,31,44,127,20,40,18,0,4,25,1,0,13,23,0,2,0,0.315,0.373,0.551,0.924
Cam Gallagher,KC,C,27,45,126,14,30,7,0,3,12,0,1,11,28,1,1,3,0.238,0.312,0.365,0.677
Odubel Herrera,PHI,OF,28,39,126,12,28,10,1,1,16,2,2,11,33,0,1,1,0.222,0.288,0.341,0.629
DJ Stewart,BAL,OF,26,44,126,15,30,6,0,4,15,1,2,14,26,0,1,1,0.238,0.317,0.381,0.698
Asdrubal Cabrera,WAS,2B,34,38,124,24,40,10,1,6,40,0,0,19,18,0,3,0,0.323,0.404,0.565,0.969
Humberto Arteaga,KC,SS,26,41,122,11,24,4,0,0,4,1,1,8,28,3,0,2,0.197,0.258,0.23,0.488
Adam Duvall,ATL,OF,32,41,120,17,32,4,1,10,19,0,0,7,39,0,1,2,0.267,0.315,0.567,0.882
Jose Trevino,TEX,C,27,40,120,18,31,9,0,2,13,0,0,3,27,1,2,0,0.258,0.272,0.383,0.655
Luke Maile,TOR,C,29,45,119,9,18,2,1,2,9,1,0,8,33,2,0,0,0.151,0.205,0.235,0.44
Brad Miller,PHI,3B,31,66,118,22,31,3,1,12,21,1,0,11,35,0,0,1,0.263,0.331,0.61,0.941
Joey Rickard,BAL,OF,29,42,118,10,24,7,2,2,6,3,2,14,33,0,0,3,0.203,0.304,0.347,0.651
Nick Solak,TEX,DH,25,33,116,19,34,6,1,5,17,2,0,15,29,0,0,4,0.293,0.393,0.491,0.884
Bryan Holaday,MIA,C,32,43,115,12,32,6,0,4,12,0,1,11,21,1,1,1,0.278,0.344,0.435,0.779
Sean Rodriguez,PHI,3B,35,76,112,24,25,5,0,4,12,1,1,19,41,4,1,3,0.223,0.348,0.375,0.723
Jake Rogers,DET,C,25,35,112,11,14,3,0,4,8,0,0,13,51,2,0,1,0.125,0.222,0.259,0.481
Tim Lopes,SEA,OF,26,41,111,11,30,7,0,1,12,6,3,15,29,0,1,1,0.27,0.359,0.36,0.719
Eric Sogard,TB,2B,34,37,109,14,29,6,0,3,10,2,0,9,16,0,0,1,0.266,0.328,0.404,0.732
Francisco Cervelli,PIT,C,34,34,109,11,21,3,0,1,5,1,0,9,31,1,0,4,0.193,0.279,0.248,0.527
Kendrys Morales,OAK,1B,37,34,108,9,22,1,1,1,7,0,0,14,20,0,1,3,0.204,0.31,0.259,0.569
Roman Quinn,PHI,OF,27,44,108,18,23,3,1,4,11,8,0,12,34,1,0,1,0.213,0.298,0.37,0.668
Myles Straw,HOU,SS,26,56,108,27,29,4,2,0,7,8,1,19,24,1,0,0,0.269,0.378,0.343,0.721
Freddy Galvis,CIN,2B,30,32,107,12,25,4,0,5,16,0,1,7,33,0,1,1,0.234,0.284,0.411,0.695
Nick Williams,PHI,OF,27,67,106,9,16,4,0,2,5,0,0,4,43,0,0,2,0.151,0.196,0.245,0.441
Rosell Herrera,MIA,OF,28,63,105,10,21,6,0,2,11,4,1,11,27,1,0,2,0.2,0.288,0.314,0.602
Carlos Gonzalez,CLE,OF,35,30,105,13,22,1,0,2,7,0,1,10,33,0,1,1,0.21,0.282,0.276,0.558
Lucas Duda,KC,1B,34,39,105,7,18,4,0,4,15,0,0,11,32,0,2,1,0.171,0.252,0.324,0.576
Mauricio Dubon,SF,2B,26,28,104,12,29,5,0,4,9,3,1,5,19,0,0,0,0.279,0.312,0.442,0.754
Keon Broxton,BAL,OF,30,37,103,14,21,3,0,4,9,4,1,8,49,1,0,0,0.204,0.261,0.35,0.611
Jace Peterson,BAL,OF,30,29,100,14,22,3,1,2,11,4,1,6,24,0,1,1,0.22,0.269,0.33,0.599
Willi Castro,DET,SS,23,30,100,10,23,6,1,1,8,0,1,6,34,1,1,2,0.23,0.284,0.34,0.624
Yonathan Daza,COL,OF,26,44,97,7,20,1,1,0,3,1,0,7,21,0,1,0,0.206,0.257,0.237,0.494
Zack Cozart,LAA,3B,35,38,97,4,12,2,0,0,7,0,0,5,16,0,3,2,0.124,0.178,0.144,0.322
Reese McGuire,TOR,C,25,30,97,14,29,7,0,5,11,0,0,7,18,0,0,0,0.299,0.346,0.526,0.872
Cory Spangenberg,MIL,2B,29,32,95,11,22,2,2,2,10,3,0,6,36,1,0,0,0.232,0.277,0.358,0.635
Joe Panik,NYM,2B,30,39,94,17,26,4,1,2,12,0,0,7,9,1,0,1,0.277,0.333,0.404,0.737
Tyler Wade,NYY,2B,25,43,94,16,23,3,1,2,11,7,0,11,28,2,0,1,0.245,0.33,0.362,0.692
Derek Fisher,TOR,OF,27,40,93,14,15,2,0,6,12,1,0,14,43,0,0,0,0.161,0.271,0.376,0.647
Jesus Aguilar,TB,1B,30,37,92,13,24,3,0,4,16,0,0,12,22,0,3,0,0.261,0.336,0.424,0.76
Max Stassi,HOU,C,29,31,90,4,15,1,0,1,3,0,0,7,34,0,0,1,0.167,0.235,0.211,0.446
Steve Pearce,BOS,1B,37,29,89,9,16,4,0,1,9,0,0,7,31,0,1,1,0.18,0.245,0.258,0.503
Rafael Ortega,ATL,OF,29,34,88,7,18,3,0,2,10,3,0,8,22,0,0,0,0.205,0.271,0.307,0.578
Michael Taylor,WAS,OF,29,53,88,10,22,7,0,1,3,6,0,7,34,2,0,0,0.25,0.305,0.364,0.669
Carlos Gomez,NYM,OF,34,34,86,10,17,3,0,3,10,4,1,7,30,2,1,3,0.198,0.278,0.337,0.615
Gerardo Parra,SF,OF,33,30,86,8,17,3,0,1,6,2,1,8,18,0,1,2,0.198,0.278,0.267,0.545
Zack Collins,CWS,DH,25,27,86,10,16,3,1,3,12,0,0,14,39,0,0,1,0.186,0.307,0.349,0.656
Martin Maldonado,HOU,C,34,27,84,20,17,4,0,6,10,0,0,13,26,0,0,1,0.202,0.316,0.464,0.78
Daniel Palka,CWS,OF,29,30,84,4,9,0,0,2,4,0,1,8,35,0,0,1,0.107,0.194,0.179,0.373
Cesar Puello,MIA,OF,29,32,84,8,15,2,0,1,6,0,0,7,30,1,0,5,0.179,0.281,0.238,0.519
Chris Herrmann,OAK,C,32,30,84,9,17,3,0,1,8,0,0,9,29,1,0,0,0.202,0.28,0.274,0.554
Wilfredo Tovar,LAA,SS,29,31,83,5,16,5,0,0,5,0,0,5,15,0,0,0,0.193,0.239,0.253,0.492
Jonathan Davis,TOR,OF,28,37,83,8,15,1,0,2,6,3,1,5,24,1,1,5,0.181,0.266,0.265,0.531
Nick Martini,SD,OF,30,26,82,7,20,4,1,0,5,0,0,12,21,0,1,1,0.244,0.344,0.317,0.661
Tony Kemp,CHC,2B,29,44,82,8,15,3,2,1,12,0,1,7,18,0,2,2,0.183,0.258,0.305,0.563
Scott Schebler,CIN,OF,30,30,81,11,10,2,0,2,7,0,1,14,27,0,0,0,0.123,0.253,0.222,0.475
Pat Valaika,COL,2B,28,40,79,11,15,5,1,1,4,0,0,7,34,0,0,0,0.19,0.256,0.316,0.572
Jared Walsh,LAA,1B,27,34,79,6,16,5,1,1,5,0,0,6,35,0,0,2,0.203,0.276,0.329,0.605
Nico Hoerner,CHC,SS,23,20,78,13,22,1,1,3,17,0,0,3,11,0,1,0,0.282,0.305,0.436,0.741
Abraham Toro,HOU,3B,23,25,78,13,17,3,2,2,9,1,1,9,19,0,1,1,0.218,0.303,0.385,0.688
Sam Hilliard,COL,OF,26,27,77,13,21,4,2,7,13,2,0,9,23,0,0,1,0.273,0.356,0.649,1.005
Mac Williamson,SEA,OF,30,25,77,10,14,0,0,3,10,0,1,9,26,0,0,1,0.182,0.276,0.299,0.575
Brendan Rodgers,COL,2B,24,25,76,8,17,2,0,0,7,0,0,4,27,0,0,1,0.224,0.272,0.25,0.522
Ryan McBroom,KC,OF,28,23,75,8,22,5,0,0,6,0,0,7,25,0,0,1,0.293,0.361,0.36,0.721
Tim Federowicz,TEX,C,33,29,75,6,12,2,0,4,7,1,0,5,31,3,0,0,0.16,0.213,0.347,0.56
Scott Heineman,TEX,OF,27,25,75,8,16,6,0,2,7,1,2,9,20,0,0,1,0.213,0.306,0.373,0.679
Gavin Lux,LAD,2B,22,23,75,12,18,4,1,2,9,2,0,7,24,0,0,0,0.24,0.305,0.4,0.705
Seth Brown,OAK,OF,28,26,75,11,22,8,2,0,13,1,0,7,23,0,0,1,0.293,0.361,0.453,0.814
Richard Urena,TOR,SS,24,30,74,4,18,6,0,0,4,0,0,2,23,3,0,1,0.243,0.273,0.324,0.597
Yu Chang,CLE,3B,25,28,73,8,13,2,1,1,6,0,0,11,22,0,0,0,0.178,0.286,0.274,0.56
Yangervis Solarte,SF,2B,33,28,73,9,15,5,0,1,7,0,0,4,16,1,0,0,0.205,0.247,0.315,0.562
Yonder Alonso,COL,1B,33,54,73,11,19,7,0,3,10,0,0,10,17,0,0,1,0.26,0.357,0.479,0.836
Kelvin Gutierrez,KC,3B,26,20,73,4,19,2,1,1,11,1,0,5,24,0,1,0,0.26,0.304,0.356,0.66
Robel Garcia,CHC,2B,27,31,72,8,15,2,2,5,11,0,0,7,35,0,1,0,0.208,0.275,0.5,0.775
Matt Skole,CWS,DH,31,27,72,7,15,2,0,0,6,0,0,7,31,0,1,0,0.208,0.275,0.236,0.511
Kevin Cron,ARI,1B,27,39,71,12,15,4,0,6,16,0,1,4,28,0,1,2,0.211,0.269,0.521,0.79
Kyle Lewis,SEA,OF,25,18,71,10,19,5,0,6,13,0,0,3,29,0,1,0,0.268,0.293,0.592,0.885
Austin Wynns,BAL,C,29,28,70,8,15,1,0,1,5,0,0,3,14,1,0,0,0.214,0.247,0.271,0.518
Nick Hundley,OAK,C,37,31,70,5,14,3,1,2,5,0,1,2,18,0,0,1,0.2,0.233,0.357,0.59
Scooter Gennett,CIN,2B,30,21,69,4,15,3,0,0,5,0,0,1,20,0,1,1,0.217,0.236,0.261,0.497
Dustin Garneau,LAA,C,33,28,69,11,16,3,0,2,7,0,0,8,18,0,0,4,0.232,0.346,0.362,0.708
Austin Hays,BAL,OF,25,21,68,12,21,6,0,4,13,2,0,7,13,0,0,0,0.309,0.373,0.574,0.947
Kyle Tucker,HOU,OF,23,22,67,15,18,6,0,4,11,5,0,4,20,0,0,1,0.269,0.319,0.537,0.856
Blake Swihart,ARI,OF,28,31,66,9,9,0,0,3,9,0,0,4,29,0,0,0,0.136,0.186,0.273,0.459
Phil Gosselin,PHI,OF,32,44,65,5,17,3,0,0,7,0,0,3,16,0,0,0,0.262,0.294,0.308,0.602
Tyler Saladino,MIL,SS,31,28,65,7,8,0,0,2,8,2,0,5,26,0,0,1,0.123,0.197,0.215,0.412
Brett Phillips,KC,OF,26,30,65,7,9,2,0,2,6,3,0,10,23,2,2,0,0.138,0.247,0.262,0.509
Austin Allen,SD,C,26,34,65,4,14,4,0,0,3,0,0,6,21,0,0,0,0.215,0.282,0.277,0.559
Scooter Gennett,SF,2B,30,21,64,11,15,4,0,2,6,0,0,1,21,0,1,1,0.234,0.254,0.391,0.645
Thairo Estrada,NYY,2B,24,35,64,12,16,3,0,3,12,4,0,3,15,1,0,1,0.25,0.294,0.438,0.732
Cedric Mullins,BAL,OF,26,22,64,7,6,0,2,0,4,1,0,4,14,2,1,3,0.094,0.181,0.156,0.337
Jack Mayfield,HOU,SS,30,26,64,8,10,5,0,2,5,0,0,1,16,0,0,0,0.156,0.169,0.328,0.497
Nicky Delmonico,CWS,OF,28,21,63,6,13,2,0,1,6,0,1,4,25,0,0,1,0.206,0.265,0.286,0.551
John Ryan Murphy,ARI,C,29,25,62,9,11,3,0,4,7,0,0,6,28,1,0,0,0.177,0.25,0.419,0.669
Kendrys Morales,NYY,1B,37,19,62,7,11,1,0,1,5,0,0,12,6,0,0,1,0.177,0.32,0.242,0.562
Jesus Sucre,BAL,C,32,21,62,3,13,2,0,0,3,0,0,4,13,0,0,1,0.21,0.269,0.242,0.511
Luis Guillorme,NYM,2B,26,45,61,8,15,4,0,1,3,0,0,7,14,2,0,0,0.246,0.324,0.361,0.685
Adeiny Hechavarria,ATL,SS,31,24,61,14,20,5,1,4,15,0,0,6,15,0,1,2,0.328,0.4,0.639,1.039
Matt Kemp,CIN,OF,36,20,60,4,12,2,0,1,5,0,0,1,19,0,1,0,0.2,0.21,0.283,0.493
Yadiel Rivera,MIA,SS,28,34,60,8,11,2,0,0,3,2,0,6,20,0,0,0,0.183,0.258,0.217,0.475
Giancarlo Stanton,NYY,OF,30,18,59,8,17,3,0,3,13,0,0,12,24,0,1,0,0.288,0.403,0.492,0.895
Franklin Barreto,OAK,2B,24,23,57,6,7,2,0,2,5,1,0,1,23,0,0,0,0.123,0.138,0.263,0.401
Braden Bishop,SEA,OF,27,27,56,3,6,0,0,0,4,0,0,3,21,1,0,0,0.107,0.153,0.107,0.26
Jedd Gyorko,STL,3B,32,38,56,5,11,0,0,2,7,2,0,6,14,0,0,0,0.196,0.274,0.304,0.578
Nick Dini,KC,C,27,20,56,11,11,3,0,2,6,0,0,4,18,1,1,2,0.196,0.27,0.357,0.627
Kyle Higashioka,NYY,C,30,18,56,8,12,5,0,3,11,0,0,0,26,0,1,0,0.214,0.211,0.464,0.675
Sheldon Neuse,OAK,2B,25,25,56,3,14,3,0,0,7,0,0,4,19,0,1,0,0.25,0.295,0.304,0.599
LaMonte Wade,MIN,OF,26,26,56,10,11,2,1,2,5,0,1,11,9,0,0,2,0.196,0.348,0.375,0.723
Josh Fuentes,COL,1B,27,24,55,8,12,1,0,3,7,1,0,1,20,0,0,0,0.218,0.232,0.4,0.632
Isaac Galloway,MIA,OF,31,19,54,6,9,1,0,0,1,2,0,0,17,0,0,0,0.167,0.167,0.185,0.352
Kris Negron,LAD,OF,34,30,54,9,14,1,0,2,7,0,1,3,17,0,0,0,0.259,0.298,0.389,0.687
Jonathan Lucroy,CHC,C,34,27,53,2,10,2,0,1,6,0,0,6,12,0,0,1,0.189,0.283,0.283,0.566
Derek Fisher,HOU,OF,27,17,53,9,12,2,1,1,5,4,1,7,14,0,0,0,0.226,0.317,0.358,0.675
Sean Murphy,OAK,C,26,20,53,14,13,5,0,4,8,0,0,6,16,0,0,1,0.245,0.333,0.566,0.899
Andrew Knizner,STL,C,25,18,53,7,12,2,0,2,7,2,0,4,14,0,0,1,0.226,0.293,0.377,0.67
Keon Broxton,SEA,OF,30,29,52,5,6,0,0,2,5,2,4,8,33,0,2,1,0.115,0.238,0.231,0.469
Mac Williamson,SF,OF,30,15,51,3,6,1,0,1,7,2,0,5,18,0,0,1,0.118,0.211,0.196,0.407
Terrance Gore,KC,OF,29,37,51,13,14,2,1,0,1,13,5,6,18,0,0,1,0.275,0.362,0.353,0.715
Christian Arroyo,TB,3B,25,16,50,8,11,2,0,2,7,0,0,5,18,1,0,1,0.22,0.304,0.38,0.684
Joey Rickard,SF,OF,29,26,50,4,14,2,0,1,4,1,0,4,17,0,0,0,0.28,0.333,0.38,0.713
Anthony Bemboom,LAA,C,30,22,49,2,5,0,0,1,3,0,0,1,19,1,0,0,0.102,0.12,0.163,0.283
Keon Broxton,NYM,OF,30,34,49,5,7,1,0,0,2,4,1,4,22,0,0,0,0.143,0.208,0.163,0.371
Gorkys Hernandez,BOS,OF,33,20,49,5,7,1,2,0,2,1,0,5,14,2,1,0,0.143,0.218,0.245,0.463
Hanley Ramirez,CLE,DH,36,16,49,4,9,1,0,2,8,0,0,8,17,0,0,0,0.184,0.298,0.327,0.625
Kyle Garlick,LAD,OF,28,30,48,8,12,4,0,3,6,0,0,5,19,0,0,0,0.25,0.321,0.521,0.842
Chad Wallach,MIA,C,29,19,48,4,12,3,0,1,3,0,0,6,12,0,0,0,0.25,0.333,0.375,0.708
Edwin Rios,LAD,1B,26,28,47,10,13,2,1,4,8,0,0,9,21,0,0,0,0.277,0.393,0.617,1.01
J.B. Shuck,PIT,OF,33,27,47,4,10,0,1,0,2,1,1,8,10,1,0,1,0.213,0.339,0.255,0.594
Jake Elmore,PIT,OF,33,20,47,3,10,1,0,0,4,0,1,2,8,0,0,0,0.213,0.245,0.234,0.479
Miguel Andujar,NYY,DH,25,12,47,1,6,0,0,0,1,0,0,1,11,0,1,0,0.128,0.143,0.128,0.271
Michael Perez,TB,C,28,22,46,6,10,5,0,0,2,0,0,8,19,0,0,1,0.217,0.345,0.326,0.671
Bobby Bradley,CLE,DH,24,15,45,4,8,5,0,1,4,0,0,4,20,0,0,0,0.178,0.245,0.356,0.601
Chris Owings,BOS,2B,29,26,45,4,7,2,0,1,5,1,1,6,23,0,0,0,0.156,0.255,0.267,0.522
Bobby Wilson,DET,C,37,15,44,2,4,1,0,0,2,0,0,2,11,1,0,0,0.091,0.13,0.114,0.244
Peter Bourjos,LAA,OF,33,26,44,4,4,1,0,0,2,2,0,1,15,0,1,0,0.091,0.109,0.114,0.223
AJ Reed,CWS,DH,27,14,44,1,6,0,0,1,4,0,0,4,21,0,1,0,0.136,0.204,0.205,0.409
Dustin Peterson,DET,OF,26,17,44,3,10,4,0,0,6,1,0,2,14,0,0,1,0.227,0.277,0.318,0.595
Alen Hanson,TOR,2B,28,18,43,5,7,0,0,0,4,1,0,3,17,0,1,1,0.163,0.229,0.163,0.392
Drew Butera,COL,C,37,16,43,6,7,3,0,0,3,0,0,4,14,1,1,0,0.163,0.229,0.233,0.462
Max Stassi,LAA,C,29,20,42,3,3,0,0,0,2,0,0,5,15,0,2,0,0.071,0.163,0.071,0.234
Peter O'Brien,MIA,OF,30,14,42,2,7,1,0,1,4,1,0,4,19,0,0,1,0.167,0.255,0.262,0.517
Aramis Garcia,SF,C,27,18,42,5,6,1,0,2,5,0,0,4,21,0,0,0,0.143,0.217,0.31,0.527
Kevin Kramer,PIT,OF,27,22,42,5,7,1,0,0,5,0,1,6,17,0,2,0,0.167,0.26,0.19,0.45
Taylor Ward,LAA,OF,26,20,42,4,8,3,0,1,2,0,0,6,23,0,0,0,0.19,0.292,0.333,0.625
Jaylin Davis,SF,OF,26,17,42,2,7,0,0,1,3,1,2,3,11,0,0,2,0.167,0.255,0.238,0.493
Brian O'Grady,CIN,OF,28,28,42,4,8,2,1,2,3,0,0,4,17,0,0,2,0.19,0.292,0.429,0.721
Eric Stamets,CLE,SS,29,15,41,4,2,1,0,0,2,0,0,5,24,1,1,0,0.049,0.149,0.073,0.222
Billy Hamilton,ATL,OF,30,26,41,9,11,2,0,0,3,4,1,7,13,0,0,0,0.268,0.375,0.317,0.692
Cesar Puello,LAA,OF,29,12,41,6,16,3,0,3,12,0,0,3,8,0,0,6,0.39,0.5,0.683,1.183
Carlos Gonzalez,CHC,OF,35,15,40,8,7,2,0,1,3,0,2,8,19,0,1,0,0.175,0.306,0.3,0.606
Magneuris Sierra,MIA,OF,24,15,40,5,14,1,1,0,1,3,3,2,7,0,0,0,0.35,0.381,0.425,0.806
Jake Fraley,SEA,OF,25,12,40,3,6,2,0,0,1,0,0,0,14,0,0,1,0.15,0.171,0.2,0.371
Carter Kieboom,WAS,SS,23,11,39,4,5,0,0,2,2,0,0,4,16,0,0,0,0.128,0.209,0.282,0.491
Danny Mendick,CWS,SS,27,16,39,6,12,0,0,2,4,0,0,1,11,0,0,0,0.308,0.325,0.462,0.787
Socrates Brito,TOR,OF,28,17,39,5,3,0,1,0,2,0,0,4,17,0,0,0,0.077,0.163,0.128,0.291
Dom Nunez,COL,C,25,16,39,4,7,3,0,2,4,0,0,3,17,0,1,0,0.179,0.233,0.41,0.643
Rangel Ravelo,STL,1B,28,29,39,4,8,2,0,2,7,0,0,3,12,0,1,0,0.205,0.256,0.41,0.666
Caleb Joseph,ARI,C,34,20,38,5,8,2,0,0,3,0,0,1,10,1,0,1,0.211,0.25,0.263,0.513
Lane Thomas,STL,OF,25,34,38,6,12,0,1,4,12,1,1,4,8,0,0,2,0.316,0.409,0.684,1.093
Corban Joseph,OAK,2B,32,11,37,4,7,2,0,1,5,0,0,2,5,0,1,0,0.189,0.225,0.324,0.549
Jedd Gyorko,LAD,3B,32,24,36,1,5,1,0,0,2,0,0,3,10,0,0,0,0.139,0.205,0.167,0.372
Brad Miller,CLE,3B,31,13,36,4,9,3,0,1,4,1,0,4,10,0,0,0,0.25,0.325,0.417,0.742
Mark Zagunis,CHC,OF,27,30,36,2,9,3,0,0,5,0,0,4,16,0,0,0,0.25,0.325,0.333,0.658
Alex Blandino,CIN,2B,27,23,36,6,9,1,0,1,3,0,0,10,14,0,2,2,0.25,0.42,0.361,0.781
Michael Hermosillo,LAA,OF,25,18,36,7,5,1,1,0,3,2,0,5,19,0,1,4,0.139,0.304,0.222,0.526
Jason Martin,PIT,OF,25,20,36,5,9,2,0,0,2,2,0,4,10,0,0,0,0.25,0.325,0.306,0.631
Garrett Stubbs,HOU,C,27,19,35,8,7,3,0,0,2,1,0,4,7,0,0,0,0.2,0.282,0.286,0.568
Greg Bird,NYY,1B,27,10,35,6,6,0,0,1,1,0,0,6,16,0,0,0,0.171,0.293,0.257,0.55
Logan Morrison,PHI,1B,33,29,35,5,7,1,0,2,3,0,0,3,10,0,0,0,0.2,0.263,0.4,0.663
Erik Kratz,SF,C,40,15,32,1,4,2,0,1,3,0,0,2,6,0,0,2,0.125,0.222,0.281,0.503
Francisco Cervelli,ATL,C,34,14,32,4,9,5,1,2,7,0,0,4,10,0,0,1,0.281,0.378,0.688,1.066
Breyvic Valera,NYY,2B,28,12,32,5,7,1,1,0,3,0,0,4,5,0,0,1,0.219,0.324,0.313,0.637
Max Moroff,CLE,2B,27,20,32,3,4,1,0,1,4,1,0,2,16,1,0,0,0.125,0.176,0.25,0.426
Abraham Almonte,ARI,OF,31,17,31,11,9,3,1,1,4,0,0,7,8,0,0,0,0.29,0.421,0.548,0.969
Aaron Altherr,NYM,OF,29,26,31,6,4,1,0,1,2,0,0,2,15,0,1,1,0.129,0.2,0.258,0.458
Adrian Sanchez,WAS,3B,30,28,31,3,7,0,0,0,1,0,0,1,10,0,0,0,0.226,0.25,0.226,0.476
Mason Williams,BAL,OF,29,11,30,4,8,1,0,0,2,1,0,3,6,0,1,0,0.267,0.324,0.3,0.624
Andrew Stevenson,WAS,OF,26,30,30,4,11,1,1,0,0,0,1,6,11,0,0,1,0.367,0.486,0.467,0.953
Seth Mejias-Brean,SD,1B,29,14,30,3,7,2,0,2,5,0,0,3,9,0,0,0,0.233,0.303,0.5,0.803
Aaron Altherr,PHI,OF,29,22,29,2,1,1,0,0,1,0,0,1,9,0,0,0,0.034,0.067,0.069,0.136
Mark Trumbo,BAL,DH,34,12,29,1,5,3,0,0,3,0,0,2,5,0,0,0,0.172,0.226,0.276,0.502
Anthony Alford,TOR,OF,26,16,28,3,5,0,0,1,1,2,0,1,11,0,0,1,0.179,0.233,0.286,0.519
Patrick Wisdom,TEX,1B,29,9,26,1,4,1,0,0,1,0,0,1,15,1,0,0,0.154,0.185,0.192,0.377
Blake Swihart,BOS,OF,28,12,26,4,6,1,0,1,4,0,0,2,7,0,0,1,0.231,0.31,0.385,0.695
Kaleb Cowart,LAA,3B,28,9,25,1,4,3,0,0,1,1,0,1,7,0,0,0,0.16,0.192,0.28,0.472
Rajai Davis,NYM,OF,40,29,25,4,5,2,0,1,8,0,1,1,5,0,0,0,0.2,0.231,0.4,0.631
Domingo Leyba,ARI,2B,25,21,25,6,7,2,1,0,5,0,0,4,9,0,1,0,0.28,0.367,0.44,0.807
Mike Gerber,SF,OF,28,12,24,0,1,1,0,0,0,0,0,2,15,0,0,0,0.042,0.115,0.083,0.198
Ryan Court,SEA,1B,32,12,24,1,5,1,0,1,5,0,0,1,11,0,0,0,0.208,0.24,0.375,0.615
Beau Taylor,OAK,C,30,10,23,3,4,0,0,2,2,0,0,4,6,0,0,1,0.174,0.321,0.435,0.756
Kris Negron,SEA,OF,34,10,23,3,5,0,0,0,1,1,0,2,9,0,0,0,0.217,0.28,0.217,0.497
Travis d'Arnaud,NYM,C,31,10,23,2,2,0,0,0,2,0,0,2,5,0,0,0,0.087,0.16,0.087,0.247
Ryan LaMarre,MIN,OF,31,14,23,3,5,0,0,2,3,1,1,3,5,0,0,0,0.217,0.308,0.478,0.786
Mikie Mahtook,DET,OF,30,9,23,0,0,0,0,0,0,0,0,2,11,0,0,0,0,0.08,0,0.08
Cristhian Adames,SF,2B,29,10,22,1,7,1,0,0,2,0,0,2,8,0,0,0,0.318,0.375,0.364,0.739
Travis Jankowski,SD,OF,29,25,22,4,4,0,0,0,0,2,2,2,4,0,0,0,0.182,0.25,0.182,0.432
Tyler White,LAD,1B,30,12,22,2,1,0,0,0,2,0,0,4,4,0,0,0,0.045,0.192,0.045,0.237
Erick Mejia,KC,OF,25,9,22,3,5,1,0,0,4,0,0,4,7,0,1,0,0.227,0.333,0.273,0.606
Ryan Flaherty,CLE,3B,34,14,21,4,3,2,0,0,1,0,0,0,7,1,0,0,0.143,0.143,0.238,0.381
Dustin Pedroia,BOS,2B,37,6,20,1,2,0,0,0,1,0,0,1,2,0,0,0,0.1,0.143,0.1,0.243
Tzu-Wei Lin,BOS,2B,26,13,20,3,4,2,0,0,1,1,1,2,6,0,0,0,0.2,0.273,0.3,0.573
Jorge Bonifacio,KC,OF,27,5,20,3,7,3,0,0,3,0,0,1,7,0,0,0,0.35,0.381,0.5,0.881
Tyler Austin,MIL,1B,29,17,20,5,4,2,0,1,4,1,0,6,7,0,1,0,0.2,0.37,0.45,0.82
Randy Arozarena,STL,OF,25,19,20,4,6,1,0,1,2,2,1,2,4,0,0,1,0.3,0.391,0.5,0.891
Alex Dickerson,SD,OF,30,12,19,1,3,0,0,0,2,0,0,0,7,0,0,0,0.158,0.158,0.158,0.316
Ryan Lavarnway,CIN,C,33,5,18,4,5,2,0,2,7,0,0,1,5,0,0,0,0.278,0.316,0.722,1.038
Chris Shaw,SF,1B,26,16,18,0,1,0,0,0,0,0,0,2,8,0,0,0,0.056,0.15,0.056,0.206
Juan Graterol,CIN,C,31,6,18,1,4,0,0,0,1,0,0,0,4,0,0,0,0.222,0.222,0.222,0.444
Taylor Davis,CHC,C,30,7,18,2,3,0,0,1,4,0,0,2,4,0,0,0,0.167,0.25,0.333,0.583
Ian Miller,MIN,OF,28,12,17,2,3,1,0,0,1,0,0,0,3,0,0,0,0.176,0.176,0.235,0.411
Dustin Garneau,OAK,C,33,7,17,3,5,2,0,1,7,0,0,2,4,0,0,0,0.294,0.368,0.588,0.956
Jose Pirela,PHI,OF,30,12,17,1,4,1,0,1,2,0,0,2,4,0,0,0,0.235,0.316,0.471,0.787
Erik Kratz,TB,C,40,6,17,0,1,0,0,0,0,0,0,0,8,0,0,0,0.059,0.059,0.059,0.118
Rene Rivera,NYM,C,37,9,17,2,4,0,0,1,3,0,0,3,4,0,0,0,0.235,0.35,0.412,0.762
Corban Joseph,SF,2B,32,8,16,0,1,0,0,0,2,0,0,1,6,0,0,0,0.063,0.118,0.063,0.181
Kevin Pillar,TOR,OF,31,5,16,1,1,0,0,0,1,0,0,0,3,0,1,0,0.063,0.059,0.063,0.122
Ronald Torreyes,MIN,SS,28,7,16,3,3,0,0,0,1,1,0,0,3,0,0,1,0.188,0.235,0.188,0.423
Eric Haase,CLE,C,27,10,16,1,1,0,0,1,3,0,0,1,8,0,0,0,0.063,0.118,0.25,0.368
Donovan Walton,SEA,SS,26,7,16,2,3,0,0,0,2,0,1,3,5,0,0,0,0.188,0.316,0.188,0.504
Frank Schwindel,KC,1B,28,6,15,0,1,0,0,0,0,0,0,0,2,0,0,0,0.067,0.067,0.067,0.134
Breyvic Valera,TOR,2B,28,5,15,2,4,1,0,1,3,0,0,0,2,0,0,0,0.267,0.267,0.533,0.8
Connor Joe,SF,OF,28,8,15,1,1,0,0,0,0,0,0,1,5,0,0,0,0.067,0.125,0.067,0.192
Juan Centeno,BOS,C,30,7,15,0,2,0,0,0,2,1,0,2,2,0,0,1,0.133,0.278,0.133,0.411
Franchy Cordero,SD,OF,26,9,15,2,5,1,0,0,1,1,0,4,7,0,1,0,0.333,0.45,0.4,0.85
Rocky Gale,LAD,C,32,5,15,1,2,0,0,0,0,0,0,0,7,0,0,0,0.133,0.133,0.133,0.266
Kean Wong,TB,2B,25,6,14,1,3,0,0,0,0,0,1,0,5,0,0,0,0.214,0.214,0.214,0.428
Luis Torrens,SD,C,24,7,14,2,3,1,0,0,0,0,0,2,6,0,0,0,0.214,0.313,0.286,0.599
Zach Green,SF,3B,26,8,14,1,2,1,0,0,1,0,0,2,6,0,0,0,0.143,0.25,0.214,0.464
David Freitas,MIL,C,31,16,13,1,1,0,0,0,0,0,0,3,5,0,0,0,0.077,0.25,0.077,0.327
Alex Jackson,ATL,C,24,4,13,0,0,0,0,0,0,0,0,1,5,0,0,1,0,0.133,0,0.133
Bradley Zimmer,CLE,OF,27,9,13,1,0,0,0,0,0,0,0,1,7,0,0,0,0,0.071,0,0.071
Andrew Velazquez,TB,2B,26,10,12,2,1,1,0,0,0,0,0,0,6,0,0,0,0.083,0.083,0.167,0.25
Jarrett Parker,LAA,OF,31,5,12,1,0,0,0,0,0,0,0,3,8,0,0,0,0,0.2,0,0.2
Seby Zavala,CWS,C,27,5,12,1,1,0,0,0,0,0,0,0,9,0,0,0,0.083,0.083,0.083,0.166
Jake Noll,WAS,1B,26,8,12,1,2,1,0,0,2,0,0,1,4,0,0,0,0.167,0.231,0.25,0.481
Raudy Read,WAS,C,27,6,11,0,1,0,0,0,0,0,0,0,5,0,0,0,0.091,0.091,0.091,0.182
Nick Martini,OAK,OF,30,6,11,1,1,0,0,1,2,0,0,2,5,0,0,0,0.091,0.231,0.364,0.595
Corban Joseph,PIT,2B,32,9,11,1,2,1,0,0,0,0,0,0,1,0,0,0,0.182,0.182,0.273,0.455
Troy Tulowitzki,NYY,SS,36,5,11,1,2,1,0,1,1,0,0,2,4,0,0,0,0.182,0.308,0.545,0.853
Andrew Velazquez,CLE,2B,26,5,11,1,1,1,0,0,0,1,0,1,7,0,0,0,0.091,0.167,0.182,0.349
Tyler Heineman,MIA,C,29,5,11,1,3,1,0,1,2,0,0,0,4,1,0,0,0.273,0.273,0.636,0.909
Martin Maldonado,CHC,C,34,4,11,0,0,0,0,0,0,0,0,2,5,0,0,0,0,0.154,0,0.154
Tyrone Taylor,MIL,OF,26,15,10,1,4,2,0,0,1,0,0,1,1,0,0,1,0.4,0.5,0.6,1.1
Skye Bolt,OAK,OF,26,5,10,1,1,1,0,0,0,0,0,1,3,0,0,0,0.1,0.182,0.2,0.382
Steve Baron,PIT,C,29,7,10,0,2,1,0,0,1,0,0,0,6,0,0,0,0.2,0.2,0.3,0.5
Ruben Tejada,NYM,SS,31,6,9,1,0,0,0,0,0,0,0,0,3,0,0,0,0,0,0,0
Deivy Grullon,PHI,C,24,4,9,0,1,1,0,0,1,0,0,0,2,0,0,0,0.111,0.111,0.222,0.333
Michael Reed,SF,OF,27,4,8,0,0,0,0,0,0,0,0,0,6,0,0,0,0,0,0,0
Edmundo Sosa,STL,2B,24,8,8,2,2,0,0,0,0,1,0,1,2,0,0,1,0.25,0.4,0.25,0.65
Wilkin Castillo,MIA,C,36,2,7,0,1,1,0,0,2,0,0,0,3,0,0,0,0.143,0.143,0.286,0.429
Jed Lowrie,NYM,2B,36,9,7,0,0,0,0,0,0,0,0,1,4,0,0,0,0,0.125,0,0.125
Drew Robinson,STL,OF,28,5,7,1,1,0,0,0,0,0,0,0,3,0,0,0,0.143,0.143,0.143,0.286
Abiatal Avelino,SF,SS,25,4,7,0,2,0,0,0,1,0,0,1,3,0,0,0,0.286,0.375,0.286,0.661
Christian Colon,CIN,2B,31,8,6,1,3,0,0,0,1,0,0,0,0,0,0,2,0.5,0.625,0.5,1.125
Jacob Nottingham,MIL,C,25,9,6,1,2,0,0,1,4,0,0,0,2,0,0,1,0.333,0.429,0.833,1.262
Nick Ciuffo,TB,C,25,3,6,0,1,0,0,0,0,0,0,0,3,0,0,0,0.167,0.167,0.167,0.334
Yasmany Tomas,ARI,DH,29,4,6,0,0,0,0,0,0,0,0,0,3,0,0,0,0,0,0,0
Jose Pirela,SD,OF,30,2,5,0,0,0,0,0,0,0,0,0,3,0,0,0,0,0,0,0
Deven Marrero,MIA,SS,30,5,5,0,0,0,0,0,0,0,0,0,3,0,0,0,0,0,0,0
Jim Adduci,CHC,OF,35,2,5,0,0,0,0,0,0,0,0,0,3,0,0,0,0,0,0,0
Ichiro Suzuki,SEA,OF,46,2,5,0,0,0,0,0,0,0,0,1,1,0,0,0,0,0.167,0,0.167
Anthony Bemboom,TB,C,30,3,5,0,2,1,0,0,1,0,0,0,2,0,0,0,0.4,0.4,0.6,1
Johnny Davis,TB,OF,30,8,4,5,1,0,1,0,0,0,0,0,2,0,0,0,0.25,0.25,0.75,1
Sam Haggerty,NYM,2B,26,11,4,2,0,0,0,0,0,0,0,0,3,0,0,0,0,0,0,0
Tyler Austin,MIN,1B,29,2,4,1,1,1,0,0,0,0,0,1,3,0,0,0,0.25,0.4,0.5,0.9
Kean Wong,LAA,2B,25,1,4,1,0,0,0,0,0,0,0,0,1,0,0,0,0,0,0,0
Drew Jackson,BAL,OF,27,3,3,0,0,0,0,0,0,0,0,1,1,0,0,0,0,0.25,0,0.25
Mauricio Dubon,MIL,2B,26,2,2,0,0,0,0,0,0,0,0,0,1,0,0,0,0,0,0,0
David Freitas,SEA,C,31,1,2,1,0,0,0,0,1,0,0,1,0,0,1,0,0,0.25,0,0.25
Beau Taylor,TOR,C,30,1,2,0,0,0,0,0,0,0,0,0,1,0,0,0,0,0,0,0
Mitch Walding,PHI,3B,28,2,2,0,0,0,0,0,0,0,0,0,2,0,0,0,0,0,0,0
Noel Cuevas,COL,OF,29,1,2,0,0,0,0,0,0,0,0,0,0,0,0,0,0,0,0,0
Tres Barrera,WAS,C,26,2,2,0,0,0,0,0,0,0,0,0,0,0,0,0,0,0,0,0
Joe Hudson,STL,C,29,1,1,0,0,0,0,0,0,0,0,0,1,0,0,0,0,0,0,0
Dylan Cozens,PHI,OF,26,1,1,0,0,0,0,0,0,0,0,0,0,0,0,0,0,0,0,0
Jose Rondon,BAL,2B,26,1,1,0,0,0,0,0,0,0,0,0,0,0,0,0,0,0,0,0
Travis d'Arnaud,LAD,C,31,1,1,0,0,0,0,0,0,0,0,0,0,0,0,0,0,0,0,0
Aaron Altherr,SF,OF,29,1,1,0,0,0,0,0,0,0,0,0,1,0,0,0,0,0,0,0
Rob Brantly,PHI,C,31,1,1,0,0,0,0,0,0,0,0,0,1,0,0,0,0,0,0,0
John Ryan Murphy,ATL,C,29,1,1,0,0,0,0,0,0,0,0,0,0,0,0,0,0,0,0,0
Whit Merrifield,KC,2B,31,162,681,105,206,41,10,16,74,20,10,45,126,0,4,5,0.302,0.348,0.463,0.811
Marcus Semien,OAK,SS,30,162,657,123,187,43,7,33,92,10,8,87,102,0,1,2,0.285,0.369,0.522,0.891
Rafael Devers,BOS,3B,24,156,647,129,201,54,4,32,115,8,8,48,119,1,2,4,0.311,0.361,0.555,0.916
Jonathan Villar,BAL,2B,29,162,642,111,176,33,5,24,73,40,9,61,176,2,4,4,0.274,0.339,0.453,0.792
Ozzie Albies,ATL,2B,23,160,640,102,189,43,8,24,86,15,4,54,112,0,4,4,0.295,0.352,0.5,0.852
Eduardo Escobar,ARI,2B,31,158,636,94,171,29,10,35,118,5,1,50,130,0,10,3,0.269,0.32,0.511,0.831
Starlin Castro,MIA,2B,30,162,636,68,172,31,4,22,86,2,2,28,111,0,9,3,0.27,0.3,0.436,0.736
Jose Abreu,CWS,1B,33,159,634,85,180,38,1,33,123,2,2,36,152,0,10,13,0.284,0.33,0.503,0.833
Jorge Polanco,MIN,SS,27,153,631,107,186,40,7,22,79,4,3,60,116,2,7,4,0.295,0.356,0.485,0.841
Ronald Acuna,ATL,OF,22,156,626,127,175,22,2,41,101,37,9,76,188,0,1,9,0.28,0.365,0.518,0.883
Eric Hosmer,SD,1B,31,160,619,72,164,29,2,22,99,0,3,40,163,0,5,3,0.265,0.31,0.425,0.735
Amed Rosario,NYM,SS,24,157,616,75,177,30,7,15,72,19,10,31,124,2,3,3,0.287,0.323,0.432,0.755
Xander Bogaerts,BOS,SS,28,155,614,110,190,52,0,33,117,4,2,76,122,0,6,2,0.309,0.384,0.555,0.939
Cesar Hernandez,PHI,2B,30,161,612,77,171,31,3,14,71,9,2,45,100,0,4,6,0.279,0.333,0.408,0.741
DJ LeMahieu,NYY,2B,32,145,602,109,197,33,2,26,102,5,2,46,90,1,4,2,0.327,0.375,0.518,0.893
Trey Mancini,BAL,1B,28,154,602,106,175,38,2,35,97,1,0,63,143,0,5,9,0.291,0.364,0.535,0.899
Elvis Andrus,TEX,SS,32,147,600,81,165,27,4,12,72,31,8,34,96,0,10,4,0.275,0.313,0.393,0.706
Francisco Lindor,CLE,SS,26,143,598,101,170,40,2,32,74,22,5,46,98,1,6,3,0.284,0.335,0.518,0.853
Paul Goldschmidt,STL,1B,33,161,597,97,155,25,1,34,97,3,1,78,166,0,3,2,0.26,0.346,0.476,0.822
Freddie Freeman,ATL,1B,31,158,597,113,176,34,2,38,121,6,3,87,127,0,2,6,0.295,0.389,0.549,0.938
Pete Alonso,NYM,1B,25,161,597,103,155,30,2,53,120,1,0,72,183,0,3,21,0.26,0.358,0.583,0.941
Mookie Betts,BOS,OF,28,150,597,135,176,40,5,29,80,16,3,97,101,0,9,3,0.295,0.391,0.524,0.915
David Fletcher,LAA,2B,26,154,596,83,173,30,4,6,49,8,3,55,64,1,1,0,0.29,0.35,0.384,0.734
Kevin Pillar,SF,OF,31,156,595,82,157,37,3,21,87,14,5,18,86,0,6,9,0.264,0.293,0.442,0.735
Jorge Soler,KC,OF,28,162,589,95,156,33,1,48,117,3,1,73,178,0,4,10,0.265,0.354,0.569,0.923
Trevor Story,COL,SS,27,145,588,111,173,38,5,35,85,23,8,58,174,0,3,7,0.294,0.363,0.554,0.917
Nolan Arenado,COL,3B,29,155,588,102,185,31,2,41,118,3,2,62,93,0,8,4,0.315,0.379,0.583,0.962
Manny Machado,SD,SS,28,156,587,81,150,21,2,32,85,5,3,65,128,0,3,6,0.256,0.334,0.462,0.796
Randal Grichuk,TOR,OF,29,151,586,75,136,29,5,31,80,2,1,35,163,0,2,5,0.232,0.28,0.457,0.737
Matt Chapman,OAK,3B,27,156,583,102,145,36,3,36,91,1,1,73,147,0,3,11,0.249,0.342,0.506,0.848
Paul DeJong,STL,SS,27,159,583,97,136,31,1,30,78,9,5,62,149,0,6,13,0.233,0.318,0.444,0.762
Charlie Blackmon,COL,OF,34,140,580,112,182,42,7,32,86,2,5,40,104,0,5,9,0.314,0.364,0.576,0.94
Leury Garcia,CWS,OF,29,140,577,93,161,27,3,8,40,15,5,21,139,11,3,6,0.279,0.31,0.378,0.688
Jean Segura,PHI,SS,30,144,576,79,161,37,4,12,60,10,2,30,73,1,3,8,0.28,0.323,0.42,0.743
J.D. Martinez,BOS,OF,33,146,575,98,175,33,2,36,105,2,0,72,138,0,5,4,0.304,0.383,0.557,0.94
Michael Brantley,HOU,OF,33,148,575,88,179,40,2,22,90,3,2,51,66,0,4,7,0.311,0.372,0.503,0.875
Eugenio Suarez,CIN,3B,29,159,575,87,156,22,2,49,103,3,2,70,189,0,6,11,0.271,0.358,0.572,0.93
Carlos Santana,CLE,1B,34,158,573,110,161,30,1,34,93,4,0,108,108,0,2,3,0.281,0.397,0.515,0.912
Bryce Harper,PHI,OF,28,157,573,98,149,36,1,35,114,15,3,99,178,0,4,6,0.26,0.372,0.51,0.882
Rhys Hoskins,PHI,1B,27,160,570,86,129,33,5,29,85,2,2,116,173,0,6,11,0.226,0.364,0.454,0.818
Ketel Marte,ARI,2B,27,144,569,97,187,36,9,32,92,10,2,53,86,0,2,4,0.329,0.389,0.592,0.981
Tommy Pham,TB,OF,32,145,567,77,155,33,2,21,68,25,4,81,123,0,1,5,0.273,0.369,0.45,0.819
Adam Eaton,WAS,OF,31,151,566,103,158,25,7,15,49,15,3,65,106,9,3,13,0.279,0.365,0.428,0.793
Yuli Gurriel,HOU,1B,36,144,564,85,168,40,2,31,104,5,3,37,65,0,6,5,0.298,0.343,0.541,0.884
Shin-Soo Choo,TEX,OF,38,151,563,93,149,31,2,24,61,15,1,78,165,0,1,18,0.265,0.371,0.455,0.826
Lorenzo Cain,MIL,OF,34,148,562,75,146,30,0,11,48,18,8,50,106,0,4,6,0.26,0.325,0.372,0.697
Eddie Rosario,MIN,OF,29,137,562,91,155,28,1,32,109,3,1,22,86,0,6,0,0.276,0.3,0.5,0.8
Cody Bellinger,LAD,1B,25,156,558,121,170,34,3,47,115,15,5,95,108,0,4,3,0.305,0.406,0.629,1.035
Nick Ahmed,ARI,SS,30,158,556,79,141,33,6,19,82,8,2,52,113,1,12,4,0.254,0.316,0.437,0.753
Alex Gordon,KC,OF,36,150,556,77,148,31,1,13,76,5,3,51,100,1,6,19,0.266,0.345,0.396,0.741
Alex Bregman,HOU,SS,26,156,554,122,164,37,2,41,112,5,1,119,83,0,8,9,0.296,0.423,0.592,1.015
Adam Frazier,PIT,2B,28,152,554,80,154,33,7,10,50,5,5,40,75,4,1,9,0.278,0.336,0.417,0.753
Kole Calhoun,LAA,OF,33,152,552,92,128,29,1,33,74,4,1,70,162,0,2,7,0.232,0.325,0.467,0.792
Michael Conforto,NYM,OF,27,151,549,90,141,29,1,33,92,7,2,84,149,0,5,10,0.257,0.363,0.494,0.857
Josh Donaldson,ATL,3B,34,155,549,96,142,33,0,37,94,4,2,100,155,0,2,8,0.259,0.379,0.521,0.9
Victor Robles,WAS,OF,23,155,546,86,139,33,3,17,65,28,9,35,140,6,5,25,0.255,0.326,0.419,0.745
Gleyber Torres,NYY,2B,23,144,546,96,152,26,0,38,90,5,2,48,129,1,6,3,0.278,0.337,0.535,0.872
Anthony Rendon,WAS,3B,30,146,545,117,174,44,3,34,126,5,1,80,86,0,9,12,0.319,0.412,0.598,1.01
Kris Bryant,CHC,3B,28,147,543,108,153,35,1,31,77,4,0,74,145,0,2,15,0.282,0.382,0.521,0.903
Juan Soto,WAS,OF,22,150,542,110,153,32,5,34,110,12,1,108,132,0,6,3,0.282,0.401,0.548,0.949
Andrew Benintendi,BOS,OF,26,138,541,72,144,40,5,13,68,10,3,59,140,3,5,7,0.266,0.343,0.431,0.774
Renato Nunez,BAL,1B,26,151,541,72,132,24,0,31,90,1,1,44,143,0,4,10,0.244,0.311,0.46,0.771
Starling Marte,PIT,OF,32,132,539,97,159,31,6,23,82,25,6,25,94,2,4,16,0.295,0.342,0.503,0.845
J.T. Realmuto,PHI,C,29,145,538,92,148,36,3,25,83,9,1,41,123,0,8,5,0.275,0.328,0.493,0.821
Javier Baez,CHC,SS,27,138,531,89,149,38,4,29,85,11,7,28,156,0,2,0,0.281,0.316,0.531,0.847
Willy Adames,TB,SS,25,152,531,69,135,25,1,20,52,4,2,46,153,3,1,3,0.254,0.317,0.418,0.735
Austin Meadows,TB,OF,25,138,530,83,154,29,7,33,89,12,7,54,131,0,0,7,0.291,0.364,0.558,0.922
Christian Walker,ARI,1B,29,152,529,86,137,26,1,29,73,8,1,67,155,0,1,6,0.259,0.348,0.476,0.824
Kyle Schwarber,CHC,OF,27,155,529,82,132,29,3,38,92,2,3,70,156,0,6,5,0.25,0.339,0.531,0.87
Josh Bell,PIT,1B,28,143,527,94,146,37,3,37,116,0,1,74,118,0,7,5,0.277,0.367,0.569,0.936
Brandon Belt,SF,1B,32,156,526,76,123,32,3,17,57,4,3,83,127,0,4,3,0.234,0.339,0.403,0.742
Joey Votto,CIN,1B,37,142,525,79,137,32,1,15,47,5,0,76,123,0,3,4,0.261,0.357,0.411,0.768
Max Kepler,MIN,OF,27,134,524,98,132,32,0,36,90,1,5,60,99,0,4,8,0.252,0.336,0.519,0.855
Hanser Alberto,BAL,2B,28,139,524,62,160,21,2,12,51,4,4,16,50,3,3,4,0.305,0.329,0.422,0.751
Hunter Dozier,KC,3B,29,139,523,75,146,29,10,26,84,2,2,55,148,0,5,3,0.279,0.348,0.522,0.87
Mike Moustakas,MIL,2B,32,143,523,80,133,30,1,35,87,3,0,53,98,0,2,6,0.254,0.329,0.516,0.845
Rougned Odor,TEX,2B,26,145,522,77,107,30,1,30,93,11,9,52,178,1,1,5,0.205,0.283,0.439,0.722
Trea Turner,WAS,SS,27,122,521,96,155,37,5,19,57,35,5,43,113,0,2,3,0.298,0.353,0.497,0.85
Jason Heyward,CHC,OF,31,147,513,78,129,20,4,21,62,8,3,68,110,0,3,5,0.251,0.343,0.429,0.772
Yasmani Grandal,MIL,C,31,153,513,79,126,26,2,28,77,5,1,109,139,0,5,5,0.246,0.38,0.468,0.848
Anthony Rizzo,CHC,1B,31,146,512,89,150,29,3,27,94,5,2,71,86,0,3,27,0.293,0.405,0.52,0.925
Yoan Moncada,CWS,3B,25,132,511,83,161,34,5,25,79,10,3,40,154,1,3,4,0.315,0.367,0.548,0.915
Jeff McNeil,NYM,2B,28,133,510,83,162,38,1,23,75,5,6,35,75,0,1,21,0.318,0.384,0.531,0.915
Mallex Smith,SEA,OF,27,134,510,70,116,19,9,6,37,46,9,42,141,2,1,11,0.227,0.3,0.335,0.635
Jose Iglesias,CIN,SS,30,146,504,62,145,21,3,11,59,6,6,20,70,1,2,3,0.288,0.318,0.407,0.725
Josh Reddick,HOU,OF,33,141,501,57,138,19,3,14,56,5,2,36,66,1,9,0,0.275,0.319,0.409,0.728
Brandon Crawford,SF,SS,33,147,500,58,114,24,2,11,59,3,2,53,117,0,4,3,0.228,0.304,0.35,0.654
Jose Altuve,HOU,2B,30,124,500,89,149,27,3,31,74,6,5,41,82,1,3,3,0.298,0.353,0.55,0.903
Tim Anderson,CWS,SS,27,123,498,81,167,32,0,18,56,17,5,15,109,0,2,3,0.335,0.357,0.508,0.865
Yolmer Sanchez,CWS,2B,28,149,496,59,125,20,4,2,43,5,4,44,117,7,3,5,0.252,0.318,0.321,0.639
Orlando Arcia,MIL,SS,26,152,494,51,110,16,1,15,59,8,5,43,109,2,6,1,0.223,0.283,0.35,0.633
Jackie Bradley,BOS,OF,30,147,494,69,111,28,3,21,62,8,6,56,155,3,2,12,0.225,0.317,0.421,0.738
Miguel Cabrera,DET,1B,37,136,493,41,139,21,0,12,59,0,0,48,108,0,5,3,0.282,0.346,0.398,0.744
Kevin Newman,PIT,2B,27,130,493,61,152,20,6,12,64,16,8,28,62,2,1,7,0.308,0.353,0.446,0.799
Bryan Reynolds,PIT,OF,25,134,491,83,154,37,4,16,68,3,2,46,121,0,3,6,0.314,0.377,0.503,0.88
Albert Pujols,LAA,1B,40,131,491,55,120,22,0,23,93,3,0,43,68,0,8,3,0.244,0.305,0.43,0.735
Brett Gardner,NYY,OF,37,141,491,86,123,26,7,28,74,10,2,52,108,0,3,4,0.251,0.325,0.503,0.828
Avisail Garcia,TB,OF,29,125,489,61,138,25,2,20,72,10,4,31,125,0,3,7,0.282,0.332,0.464,0.796
Christian Yelich,MIL,OF,28,130,489,100,161,29,3,44,97,30,2,80,118,0,3,8,0.329,0.429,0.671,1.1
Corey Seager,LAD,SS,26,134,489,82,133,44,1,19,87,1,0,44,98,0,4,4,0.272,0.335,0.483,0.818
Max Muncy,LAD,2B,30,141,487,101,122,22,1,35,98,4,1,90,149,0,4,8,0.251,0.374,0.515,0.889
Dexter Fowler,STL,OF,34,150,487,69,116,24,1,19,67,8,5,74,142,1,4,8,0.238,0.346,0.409,0.755
Adam Jones,ARI,OF,35,137,485,66,126,25,1,16,67,2,1,31,101,0,3,8,0.26,0.313,0.414,0.727
Marcell Ozuna,STL,OF,29,130,485,80,117,23,1,29,89,12,2,62,114,0,1,1,0.241,0.328,0.472,0.8
Miguel Rojas,MIA,SS,31,132,483,52,137,29,1,5,46,9,5,32,62,1,5,5,0.284,0.331,0.379,0.71
Matt Olson,OAK,1B,26,127,483,73,129,26,0,36,91,0,0,51,138,0,1,12,0.267,0.351,0.545,0.896
Dansby Swanson,ATL,SS,26,127,483,77,121,26,3,17,65,10,5,51,124,1,5,5,0.251,0.325,0.422,0.747
Christian Vazquez,BOS,C,30,138,482,66,133,26,1,23,72,4,2,33,101,3,3,0,0.276,0.32,0.477,0.797
Jose Ramirez,CLE,3B,28,129,482,68,123,33,3,23,83,24,4,52,74,0,6,2,0.255,0.327,0.479,0.806
Khris Davis,OAK,DH,32,133,481,61,106,11,0,23,73,0,0,47,146,0,2,3,0.22,0.293,0.387,0.68
Ryan McMahon,COL,2B,25,141,480,70,120,22,1,24,83,5,1,56,160,1,1,1,0.25,0.329,0.45,0.779
George Springer,HOU,OF,31,122,479,96,140,20,3,39,96,6,2,67,113,0,4,6,0.292,0.383,0.591,0.974
Justin Turner,LAD,3B,35,135,479,80,139,24,0,27,67,2,0,51,88,0,5,14,0.29,0.372,0.509,0.881
Kolten Wong,STL,2B,30,148,478,61,136,25,4,11,59,24,4,47,83,6,5,13,0.285,0.361,0.423,0.784
Danny Santana,TEX,1B,29,130,474,81,134,23,6,28,81,21,6,25,151,0,5,6,0.283,0.324,0.534,0.858
Wilson Ramos,NYM,C,33,141,473,52,136,19,0,14,73,1,0,44,69,0,3,4,0.288,0.351,0.416,0.767
Mike Trout,LAA,OF,29,134,470,110,137,27,2,45,104,11,2,110,120,0,4,16,0.291,0.438,0.645,1.083
Eloy Jimenez,CWS,OF,23,122,468,69,125,18,2,31,79,0,0,30,134,0,2,4,0.267,0.315,0.513,0.828
Colin Moran,PIT,3B,28,149,466,46,129,30,1,13,80,0,1,30,117,0,4,3,0.277,0.322,0.429,0.751
Vladimir Guerrero,TOR,3B,21,123,464,52,126,26,2,15,69,0,1,46,91,0,2,2,0.272,0.339,0.433,0.772
Daniel Vogelbach,SEA,1B,27,144,462,73,96,17,0,30,76,0,0,92,149,0,2,2,0.208,0.341,0.439,0.78
Jurickson Profar,OAK,2B,27,139,459,65,100,24,2,20,67,9,1,48,75,0,3,8,0.218,0.301,0.41,0.711
Ryan Braun,MIL,OF,36,144,459,70,131,31,2,22,75,11,1,34,105,0,3,8,0.285,0.343,0.505,0.848
Brian Anderson,MIA,3B,27,126,459,57,120,33,1,20,66,5,1,44,114,0,3,14,0.261,0.342,0.468,0.81
Scott Kingery,PHI,3B,26,126,458,64,118,34,4,19,55,15,4,34,147,1,2,5,0.258,0.315,0.474,0.789
Jason Kipnis,CLE,2B,33,121,458,52,112,23,1,17,65,7,2,40,88,5,6,2,0.245,0.304,0.41,0.714
C.J. Cron,MIN,1B,30,125,458,51,116,24,0,25,78,0,0,29,107,0,2,10,0.253,0.311,0.469,0.78
Nelson Cruz,MIN,DH,40,120,454,81,141,26,0,41,108,0,1,56,131,0,3,7,0.311,0.392,0.639,1.031
Evan Longoria,SF,3B,35,129,453,59,115,19,2,20,69,3,1,43,112,0,5,7,0.254,0.325,0.437,0.762
Domingo Santana,SEA,OF,28,121,451,63,114,20,1,21,69,8,3,50,164,0,2,2,0.253,0.329,0.441,0.77
Joc Pederson,LAD,1B,28,149,450,83,112,16,3,36,74,1,1,50,111,0,2,12,0.249,0.339,0.538,0.877
Todd Frazier,NYM,3B,34,133,447,63,112,19,2,21,67,1,2,40,106,0,0,12,0.251,0.329,0.443,0.772
Luke Voit,NYY,1B,29,118,429,72,113,21,1,21,62,0,0,71,142,0,1,9,0.263,0.378,0.464,0.842
Justin Smoak,TOR,1B,33,121,414,54,86,16,0,22,61,0,0,79,106,0,1,6,0.208,0.342,0.406,0.748
Mark Canha,OAK,OF,31,126,410,80,112,16,3,26,58,3,2,67,107,0,2,18,0.273,0.396,0.517,0.913