,Player,Team,Pos,Age,G,AB,R,H,2B,3B,HR,RBI,SB,CS,BB,SO,SH,SF,HBP,AVG,OBP,SLG,OPS,Year
133,Kevin Kiermaier,TB,OF,30,129,447,60,102,20,7,14,55,19,5,26,104,1,1,5,0.228,0.278,0.39799999999999996,0.6759999999999999,2019
134,Ian Desmond,COL,OF,35,140,443,64,113,31,4,20,65,3,3,34,119,1,2,2,0.255,0.31,0.479,0.789,2019
135,Gio Urshela,NYY,3B,29,132,442,73,139,34,0,21,74,1,1,25,87,0,4,5,0.314,0.355,0.534,0.889,2019
136,Hunter Renfroe,SD,OF,28,140,440,64,95,19,1,33,64,5,0,46,154,0,6,2,0.21600000000000003,0.289,0.489,0.778,2019
137,James McCann,CWS,C,30,118,439,62,120,26,1,18,60,4,1,30,137,1,0,6,0.273,0.32799999999999996,0.46,0.7879999999999999,2019
138,Daniel Murphy,COL,1B,35,132,438,56,122,35,1,13,78,1,1,32,74,0,4,2,0.27899999999999997,0.32799999999999996,0.452,0.78,2019
139,Oscar Mercado,CLE,OF,25,115,438,70,118,25,3,15,54,15,4,28,84,7,4,5,0.26899999999999996,0.318,0.44299999999999995,0.7609999999999999,2019
140,Wil Myers,SD,OF,29,155,435,58,104,22,1,18,53,16,7,51,168,1,1,2,0.239,0.321,0.418,0.7390000000000001,2019
141,Ramon Laureano,OAK,OF,26,123,434,79,125,29,0,24,67,13,2,27,123,1,8,11,0.28800000000000003,0.34,0.521,0.861,2019
142,Jonathan Schoop,MIN,2B,29,121,433,61,111,23,1,23,59,1,1,20,116,0,1,10,0.256,0.304,0.473,0.777,2019
143,Jorge Alfaro,MIA,C,27,130,431,44,113,14,1,18,57,4,4,22,154,0,2,10,0.262,0.312,0.425,0.737,2019
144,Nomar Mazara,TEX,OF,25,116,429,69,115,27,1,19,66,4,1,28,108,0,6,6,0.268,0.318,0.469,0.787,2019
146,Omar Narvaez,SEA,C,28,132,428,63,119,12,0,22,55,0,0,47,92,0,3,4,0.278,0.353,0.46,0.813,2019
147,Raimel Tapia,COL,OF,26,138,426,54,117,23,5,9,44,9,3,21,100,0,0,0,0.275,0.309,0.415,0.7240000000000001,2019
148,Marwin Gonzalez,MIN,3B,31,114,425,52,112,19,0,15,55,1,0,31,98,0,1,6,0.264,0.322,0.414,0.736,2019
149,Niko Goodrum,DET,2B,28,112,423,61,105,27,5,12,45,12,3,46,138,0,2,1,0.248,0.322,0.42100000000000004,0.743,2019
150,Harold Ramirez,MIA,OF,26,119,421,54,116,20,3,11,50,2,1,18,91,0,1,5,0.276,0.312,0.41600000000000004,0.728,2019
151,Robbie Grossman,OAK,OF,31,138,420,57,101,21,3,6,38,9,4,59,86,0,2,1,0.24,0.33399999999999996,0.348,0.682,2019
152,Yadier Molina,STL,C,38,113,419,45,113,24,0,10,57,6,0,23,58,0,5,5,0.27,0.312,0.39899999999999997,0.711,2019
153,Brandon Drury,TOR,3B,28,120,418,43,91,21,1,15,41,0,1,25,113,0,3,1,0.218,0.262,0.38,0.642,2019
154,Teoscar Hernandez,TOR,OF,28,125,417,58,96,19,2,26,65,6,3,45,153,0,1,1,0.23,0.306,0.47200000000000003,0.778,2019
155,Brian Dozier,WAS,2B,33,135,416,54,99,20,0,20,50,3,4,61,105,0,1,4,0.23800000000000002,0.34,0.43,0.77,2019
156,Matt Carpenter,STL,3B,34,129,416,59,94,20,2,15,46,6,1,63,129,1,5,7,0.226,0.33399999999999996,0.392,0.726,2019
157,Adalberto Mondesi,KC,SS,25,102,415,58,109,20,10,9,62,43,7,19,132,3,6,0,0.263,0.29100000000000004,0.424,0.715,2019
158,Enrique Hernandez,LAD,2B,29,130,414,57,98,19,1,17,64,4,0,36,97,0,4,6,0.237,0.304,0.41100000000000003,0.715,2019
159,Nick Markakis,ATL,OF,36,116,414,61,118,25,2,9,62,2,0,47,59,0,6,2,0.285,0.35600000000000004,0.42,0.7759999999999999,2019
161,Brian Goodwin,LAA,OF,30,136,413,65,108,29,3,17,47,7,3,38,129,1,3,3,0.262,0.326,0.47,0.7959999999999999,2019
162,Ji-Man Choi,TB,1B,29,127,410,54,107,20,2,19,63,2,3,64,108,0,7,6,0.261,0.363,0.45899999999999996,0.8220000000000001,2019
164,J.D. Davis,NYM,3B,27,140,410,65,126,22,1,22,57,3,0,38,97,0,2,3,0.307,0.369,0.527,0.8959999999999999,2019
165,Buster Posey,SF,C,33,114,405,43,104,24,0,7,38,0,0,34,71,1,1,4,0.257,0.32,0.368,0.688,2019
167,Jarrod Dyson,ARI,OF,36,130,400,65,92,11,2,7,27,30,4,47,86,1,2,2,0.23,0.313,0.32,0.633,2019
168,Andrelton Simmons,LAA,SS,31,103,398,47,105,19,0,7,40,10,2,24,37,0,0,2,0.264,0.309,0.364,0.6729999999999999,2019
169,Manuel Margot,SD,OF,26,151,398,59,93,19,3,12,37,20,4,38,88,3,0,2,0.23399999999999999,0.304,0.387,0.691,2019
170,Gary Sanchez,NYY,C,27,106,396,62,92,12,1,34,77,0,1,40,125,0,1,9,0.23199999999999998,0.316,0.525,0.841,2019
171,Eric Thames,MIL,1B,33,149,396,67,98,23,2,25,61,3,2,51,140,0,2,10,0.247,0.34600000000000003,0.505,0.851,2019
172,Dee Strange-Gordon,SEA,2B,32,117,393,36,108,12,6,3,34,22,5,18,61,3,6,1,0.275,0.304,0.359,0.6629999999999999,2019
173,Kyle Seager,SEA,3B,33,106,393,55,94,19,1,23,63,2,2,44,86,0,2,4,0.239,0.321,0.46799999999999997,0.789,2019
174,Brandon Dixon,DET,1B,28,118,391,41,97,20,4,15,52,5,1,21,136,0,4,4,0.248,0.29,0.435,0.725,2019
175,Robinson Cano,NYM,2B,38,107,390,46,100,28,0,13,39,0,0,25,69,0,3,5,0.256,0.307,0.428,0.735,2019
176,Roberto Perez,CLE,C,31,119,389,46,93,9,1,24,63,0,0,45,127,7,4,4,0.239,0.321,0.452,0.773,2019
177,Maikel Franco,PHI,3B,28,123,389,48,91,17,0,17,56,0,0,36,61,0,3,0,0.23399999999999999,0.297,0.409,0.706,2019
178,Shohei Ohtani,LAA,P,26,106,384,51,110,20,5,18,62,12,3,33,110,0,4,2,0.28600000000000003,0.34299999999999997,0.505,0.848,2019
179,David Peralta,ARI,OF,33,99,382,48,105,29,3,12,57,0,0,35,87,0,1,5,0.275,0.34299999999999997,0.461,0.804,2019
180,Garrett Cooper,MIA,1B,29,107,381,52,107,16,1,15,50,0,0,33,110,0,2,5,0.281,0.344,0.446,0.79,2019
181,Anthony Santander,BAL,OF,26,93,380,46,99,20,1,20,59,1,2,19,86,1,3,2,0.261,0.297,0.47600000000000003,0.773,2019
182,Miguel Sano,MIN,3B,27,105,380,76,94,19,2,34,79,0,1,55,159,0,1,3,0.247,0.34600000000000003,0.5760000000000001,0.922,2019
183,Nicky Lopez,KC,2B,25,103,379,44,91,22,2,2,30,1,1,18,51,4,0,1,0.24,0.276,0.325,0.601,2019
184,Melky Cabrera,PIT,OF,36,133,378,43,106,22,1,7,47,2,0,17,41,1,0,1,0.28,0.313,0.39899999999999997,0.7120000000000001,2019
185,Aaron Judge,NYY,OF,28,102,378,75,103,18,1,27,55,3,2,64,141,0,1,3,0.272,0.381,0.54,0.9209999999999999,2019
186,Jose Peraza,CIN,2B,26,141,376,37,90,18,2,6,33,7,6,17,58,0,2,8,0.239,0.285,0.34600000000000003,0.631,2019
187,Nick Senzel,CIN,OF,25,104,375,55,96,20,4,12,42,14,5,30,101,0,1,3,0.256,0.315,0.42700000000000005,0.742,2019
188,David Dahl,COL,OF,26,100,374,67,113,28,5,15,61,4,4,28,110,2,5,4,0.302,0.353,0.524,0.877,2019
190,Jake Bauers,CLE,1B,25,117,372,46,84,16,1,12,43,3,3,45,115,0,3,3,0.226,0.312,0.371,0.6829999999999999,2019
191,Mike Yastrzemski,SF,OF,30,107,371,64,101,22,3,21,55,2,4,32,107,1,3,4,0.272,0.33399999999999996,0.518,0.852,2019
192,Rowdy Tellez,TOR,1B,25,111,370,49,84,19,0,21,54,1,1,29,116,0,3,7,0.22699999999999998,0.293,0.449,0.742,2019
193,Rio Ruiz,BAL,3B,26,127,370,35,86,13,2,12,46,0,1,40,88,1,2,0,0.23199999999999998,0.306,0.376,0.682,2019
194,Christin Stewart,DET,OF,26,104,369,32,86,25,1,10,40,0,1,34,103,0,6,7,0.233,0.305,0.38799999999999996,0.693,2019
195,Chris Taylor,LAD,2B,30,124,366,52,96,29,4,12,52,8,0,37,115,2,5,4,0.262,0.33299999999999996,0.462,0.795,2019
196,Robinson Chirinos,HOU,C,36,114,366,57,87,22,1,17,58,1,2,51,125,2,5,13,0.23800000000000002,0.34700000000000003,0.44299999999999995,0.79,2019
197,Willson Contreras,CHC,C,28,105,360,57,98,18,2,24,64,1,2,38,102,0,2,9,0.272,0.355,0.5329999999999999,0.888,2019
198,Tony Wolters,COL,C,28,121,359,42,94,17,2,1,42,0,1,36,68,2,6,8,0.262,0.337,0.32899999999999996,0.6659999999999999,2019
199,Delino DeShields,TEX,OF,28,118,357,42,89,15,4,4,32,24,6,38,100,8,2,3,0.249,0.325,0.34700000000000003,0.672,2019
200,Dwight Smith,BAL,OF,28,101,357,46,86,16,3,13,53,5,1,26,82,1,4,4,0.24100000000000002,0.297,0.41200000000000003,0.7090000000000001,2019
201,Stephen Piscotty,OAK,OF,29,93,357,46,89,17,1,13,44,2,0,29,84,1,3,3,0.249,0.309,0.41200000000000003,0.721,2019
202,Luis Rengifo,LAA,2B,23,108,357,44,85,18,3,7,33,2,5,40,93,1,3,5,0.23800000000000002,0.321,0.364,0.685,2019
203,Harold Castro,DET,2B,26,97,354,30,103,10,4,5,38,4,2,9,86,2,4,0,0.29100000000000004,0.305,0.384,0.6890000000000001,2019
204,Cavan Biggio,TOR,2B,25,100,354,66,83,17,2,16,48,14,0,71,123,0,2,2,0.23399999999999999,0.364,0.429,0.7929999999999999,2019
205,Harrison Bader,STL,OF,26,128,347,54,71,14,3,12,39,11,3,46,117,1,2,10,0.205,0.314,0.366,0.68,2019
206,Michael Chavis,BOS,2B,25,95,347,46,88,10,1,18,58,2,1,31,127,0,0,4,0.254,0.322,0.444,0.7659999999999999,2019
207,Danny Jansen,TOR,C,25,107,347,41,72,12,1,13,43,0,1,31,79,1,1,4,0.207,0.27899999999999997,0.36,0.639,2019
208,J.P. Crawford,SEA,SS,25,93,345,43,78,21,4,7,46,5,3,43,83,3,3,2,0.226,0.313,0.371,0.684,2019
210,Alex Verdugo,LAD,OF,24,106,343,43,101,22,2,12,44,4,1,26,49,0,6,2,0.294,0.342,0.475,0.8170000000000001,2019
211,Chad Pinder,OAK,2B,28,124,341,45,82,21,0,13,47,0,1,20,88,1,3,5,0.24,0.29,0.41600000000000004,0.706,2019
212,Albert Almora,CHC,OF,26,130,339,41,80,11,1,12,32,2,1,16,62,5,2,1,0.23600000000000002,0.271,0.381,0.652,2019
213,Jesse Winker,CIN,OF,27,113,338,51,91,17,2,16,38,0,2,38,60,0,0,8,0.26899999999999996,0.35700000000000004,0.473,0.83,2019
214,Neil Walker,MIA,1B,35,115,337,37,88,19,1,8,38,3,0,42,77,0,1,1,0.261,0.344,0.395,0.7390000000000001,2019
215,Jeimer Candelario,DET,1B,26,94,335,33,68,17,2,8,32,3,1,43,99,0,1,7,0.203,0.306,0.337,0.643,2019
216,Howie Kendrick,WAS,2B,37,121,334,61,115,23,1,17,62,2,1,27,49,0,5,4,0.344,0.395,0.5720000000000001,0.9670000000000001,2019
217,Fernando Tatis,SD,SS,21,84,334,61,106,13,6,22,53,16,6,30,110,0,3,5,0.317,0.379,0.59,0.9690000000000001,2019
218,Jose Martinez,STL,OF,32,128,334,45,90,13,2,10,42,3,0,35,82,0,2,2,0.26899999999999996,0.34,0.41,0.75,2019
219,Stevie Wilkerson,BAL,OF,28,119,329,41,74,18,2,10,35,3,3,22,108,1,2,7,0.225,0.28600000000000003,0.38299999999999995,0.669,2019
220,Ryan O'Hearn,KC,1B,27,105,328,32,64,13,1,14,38,0,1,39,99,0,2,1,0.195,0.281,0.369,0.65,2019
222,Luis Arraez,MIN,2B,23,92,326,54,109,20,1,4,28,2,2,36,29,0,3,1,0.33399999999999996,0.39899999999999997,0.439,0.838,2019
223,Tommy Edman,STL,2B,25,92,326,59,99,17,7,11,36,15,1,16,61,0,0,7,0.304,0.35,0.5,0.85,2019
224,Didi Gregorius,NYY,SS,30,82,324,47,77,14,2,16,61,2,1,17,53,0,2,1,0.23800000000000002,0.276,0.441,0.7170000000000001,2019
227,John Hicks,DET,C,31,95,319,29,67,15,0,13,35,1,1,13,109,0,1,0,0.21,0.24,0.379,0.619,2019
228,Curtis Granderson,MIA,OF,39,138,317,44,58,17,1,12,34,0,3,41,98,0,2,3,0.183,0.281,0.35600000000000004,0.637,2019
229,Logan Forsythe,TEX,3B,33,101,317,38,72,17,1,7,39,2,0,44,100,0,2,3,0.22699999999999998,0.325,0.353,0.6779999999999999,2019
230,Tucker Barnhart,CIN,C,29,114,316,32,73,14,0,11,40,1,0,44,83,1,1,2,0.231,0.32799999999999996,0.38,0.708,2019
231,Carson Kelly,ARI,C,26,111,314,46,77,19,0,18,47,0,0,48,79,0,1,2,0.245,0.348,0.478,0.826,2019
232,Josh Phegley,OAK,C,32,106,314,44,75,18,0,12,62,0,1,15,63,2,5,6,0.239,0.282,0.41100000000000003,0.693,2019
233,Yan Gomes,WAS,C,33,97,314,36,70,16,0,12,43,2,0,38,84,0,1,5,0.223,0.316,0.389,0.705,2019
234,Lourdes Gurriel,TOR,OF,27,84,314,52,87,19,2,20,50,6,4,20,86,1,3,5,0.27699999999999997,0.327,0.541,0.868,2019
235,Keston Hiura,MIL,2B,24,84,314,51,95,23,2,19,49,9,3,25,107,0,1,8,0.303,0.368,0.57,0.938,2019
236,Yordan Alvarez,HOU,DH,23,87,313,58,98,26,0,27,78,0,0,52,94,0,2,2,0.313,0.41200000000000003,0.655,1.067,2019
237,Austin Hedges,SD,C,28,102,312,28,55,9,0,11,36,1,0,27,109,2,1,5,0.17600000000000002,0.252,0.311,0.563,2019
238,Greg Garcia,SD,2B,31,134,311,52,77,13,4,4,31,0,2,53,83,1,2,5,0.248,0.364,0.354,0.718,2019
239,Ben Gamel,MIL,OF,28,134,311,47,77,18,0,7,33,2,2,40,104,0,2,3,0.248,0.337,0.373,0.71,2019
240,Mitch Garver,MIN,C,29,93,311,70,85,16,1,31,67,0,0,41,87,0,2,5,0.273,0.365,0.63,0.995,2019
241,Matt Adams,WAS,1B,32,111,310,42,70,14,0,20,56,0,0,20,115,0,1,2,0.226,0.276,0.465,0.741,2019
242,Cheslor Cuthbert,KC,1B,27,87,309,24,76,14,0,9,40,1,0,19,67,0,0,2,0.24600000000000002,0.294,0.379,0.6729999999999999,2019
243,Willie Calhoun,TEX,OF,26,83,309,51,83,14,1,21,48,0,0,23,53,0,2,3,0.26899999999999996,0.32299999999999995,0.524,0.847,2019
244,A.J. Pollock,LAD,OF,32,86,308,49,82,15,1,15,47,5,1,23,74,0,4,7,0.266,0.327,0.46799999999999997,0.795,2019
245,Chris Davis,BAL,1B,34,105,307,26,55,9,0,12,36,0,0,39,139,0,3,3,0.179,0.276,0.326,0.602,2019
246,Yandy Diaz,TB,3B,29,79,307,53,82,20,1,14,38,2,2,35,61,0,4,1,0.267,0.34,0.47600000000000003,0.816,2019
247,Pedro Severino,BAL,C,27,96,305,37,76,13,0,13,44,3,1,29,73,1,2,4,0.249,0.321,0.42,0.741,2019
248,Tim Beckham,SEA,SS,30,88,304,39,72,21,1,15,47,1,3,21,102,0,0,3,0.237,0.293,0.461,0.754,2019
249,Elias Diaz,PIT,C,29,101,303,31,73,14,0,2,28,0,0,23,56,1,3,2,0.24100000000000002,0.29600000000000004,0.307,0.603,2019
250,David Bote,CHC,2B,27,127,303,47,78,17,0,11,41,5,1,44,93,0,2,7,0.257,0.36200000000000004,0.42200000000000004,0.784,2019
251,Garrett Hampson,COL,2B,26,105,299,40,74,9,4,8,27,15,3,24,88,2,2,0,0.247,0.302,0.385,0.687,2019
252,JaCoby Jones,DET,OF,28,88,298,39,70,19,3,11,26,7,2,27,94,1,1,6,0.235,0.31,0.43,0.74,2019
253,Mitch Moreland,BOS,1B,35,91,298,48,75,17,1,19,58,1,0,34,74,0,2,1,0.252,0.32799999999999996,0.507,0.835,2019
254,Brandon Lowe,TB,2B,26,82,296,42,80,17,2,17,51,5,0,25,113,0,1,5,0.27,0.336,0.514,0.85,2019
255,Tommy La Stella,LAA,2B,31,80,292,49,86,8,0,16,44,0,0,20,28,0,0,3,0.295,0.34600000000000003,0.486,0.8320000000000001,2019
256,Jake Marisnick,HOU,OF,29,120,292,46,68,16,3,10,34,10,3,17,95,3,0,6,0.233,0.289,0.41100000000000003,0.7,2019
258,Hunter Pence,TEX,OF,37,83,286,53,85,17,1,18,59,6,1,26,69,0,2,2,0.297,0.358,0.552,0.91,2019
259,Richie Martin,BAL,SS,25,120,283,29,59,8,3,6,23,10,1,14,83,5,1,6,0.20800000000000002,0.26,0.322,0.5820000000000001,2019
260,Carlos Correa,HOU,SS,26,75,280,42,78,16,1,21,59,1,0,35,75,0,4,2,0.27899999999999997,0.358,0.568,0.9259999999999999,2019
261,Kurt Suzuki,WAS,C,37,85,280,37,74,11,0,17,63,0,1,20,36,0,3,6,0.264,0.324,0.486,0.81,2019
262,Brian McCann,ATL,C,36,85,277,28,69,9,0,12,45,0,0,31,53,0,6,2,0.249,0.32299999999999995,0.41200000000000003,0.735,2019
263,Ronny Rodriguez,DET,2B,28,84,276,29,61,12,3,14,43,3,1,13,82,0,5,0,0.221,0.252,0.43799999999999994,0.69,2019
264,Victor Reyes,DET,OF,26,69,276,29,84,16,5,3,25,9,3,14,64,0,2,0,0.304,0.336,0.431,0.767,2019
266,Austin Riley,ATL,OF,23,80,274,41,62,11,1,18,49,0,2,16,108,0,2,5,0.226,0.27899999999999997,0.47100000000000003,0.75,2019
267,Tyler Naquin,CLE,OF,29,89,274,34,79,19,0,10,34,4,2,14,66,2,2,2,0.28800000000000003,0.325,0.467,0.792,2019
268,Dawel Lugo,DET,3B,25,77,273,28,67,11,4,6,26,0,0,8,59,0,4,3,0.245,0.271,0.381,0.652,2019
269,Pablo Sandoval,SF,3B,34,108,272,42,73,23,0,14,41,1,0,18,67,2,3,1,0.268,0.313,0.507,0.82,2019
270,Tyler Flowers,ATL,C,34,85,271,36,62,11,3,11,34,0,0,31,105,0,2,6,0.22899999999999998,0.319,0.413,0.732,2019
271,Byron Buxton,MIN,OF,26,87,271,48,71,30,4,10,46,14,3,19,68,2,1,2,0.262,0.314,0.513,0.8270000000000001,2019
272,Mike Zunino,TB,C,29,90,266,30,44,10,1,9,32,0,0,20,98,0,0,3,0.165,0.23199999999999998,0.312,0.544,2019
273,Wilmer Flores,ARI,2B,29,89,265,31,84,18,0,9,37,0,0,15,31,0,1,4,0.317,0.361,0.48700000000000004,0.848,2019
274,Jose Osuna,PIT,1B,27,95,261,41,69,20,0,10,36,0,0,18,48,0,4,1,0.264,0.31,0.456,0.7659999999999999,2019
275,Steven Duggar,SF,OF,27,73,261,26,61,12,2,4,28,1,4,16,78,0,3,1,0.23399999999999999,0.278,0.341,0.619,2019
276,Mike Tauchman,NYY,OF,29,87,260,46,72,18,1,13,47,6,0,34,71,0,1,1,0.27699999999999997,0.361,0.504,0.865,2019
277,Tom Murphy,SEA,C,29,76,260,32,71,12,1,18,40,2,0,19,87,0,1,1,0.273,0.324,0.535,0.8590000000000001,2019
278,Brock Holt,BOS,2B,32,87,259,38,77,14,2,3,31,1,0,28,57,0,4,4,0.297,0.369,0.402,0.7709999999999999,2019
279,Juan Lagares,NYM,OF,31,133,258,38,55,12,1,5,27,4,1,22,75,2,1,2,0.213,0.27899999999999997,0.326,0.605,2019
280,Ian Kinsler,SD,2B,38,87,258,28,56,12,0,9,22,2,4,19,54,0,1,3,0.217,0.278,0.368,0.6459999999999999,2019
281,Jordy Mercer,DET,SS,34,74,256,24,69,16,0,9,22,0,0,13,57,0,0,2,0.27,0.31,0.43799999999999994,0.748,2019
282,Ronald Guzman,TEX,1B,26,87,256,34,56,20,0,10,36,1,2,32,87,0,4,3,0.21899999999999997,0.308,0.414,0.722,2019
283,Jon Berti,MIA,SS,30,73,256,52,70,14,1,6,24,17,3,24,73,0,1,6,0.273,0.348,0.406,0.754,2019
284,Stephen Vogt,SF,C,36,99,255,30,67,24,2,10,40,3,1,20,66,0,4,1,0.263,0.314,0.49,0.804,2019
285,Josh Naylor,SD,OF,23,94,253,29,63,15,0,8,32,1,1,25,64,0,1,0,0.249,0.315,0.40299999999999997,0.718,2019
286,Billy McKinney,TOR,OF,26,84,251,37,54,14,1,12,28,0,2,19,73,2,2,2,0.215,0.27399999999999997,0.42200000000000004,0.696,2019
287,Derek Dietrich,CIN,2B,31,113,251,41,47,8,2,19,43,1,1,28,74,0,1,25,0.187,0.32799999999999996,0.462,0.79,2019
288,Matt Beaty,LAD,1B,27,99,249,36,66,19,1,9,46,5,0,17,33,0,0,2,0.265,0.317,0.45799999999999996,0.775,2019
289,Dylan Moore,SEA,SS,28,113,247,31,51,14,2,9,28,11,9,25,93,1,0,9,0.20600000000000002,0.302,0.389,0.691,2019
290,Mitch Haniger,SEA,OF,29,63,246,46,54,13,1,15,32,4,0,30,81,0,2,5,0.22,0.314,0.46299999999999997,0.777,2019
291,Martin Prado,MIA,3B,37,104,245,26,57,9,0,2,15,0,0,12,41,0,3,0,0.233,0.265,0.294,0.5589999999999999,2019
292,Victor Caratini,CHC,C,27,95,244,31,65,11,0,11,34,1,0,29,59,0,3,3,0.266,0.348,0.447,0.795,2019
293,Joey Gallo,TEX,OF,26,70,241,54,61,15,1,22,49,4,2,52,114,1,1,2,0.253,0.389,0.598,0.987,2019
296,Cameron Maybin,NYY,OF,33,82,239,48,68,17,0,11,32,9,6,30,72,0,0,0,0.285,0.364,0.494,0.858,2019
298,Joey Wendle,TB,2B,30,75,238,32,55,13,2,3,19,8,3,14,47,0,3,8,0.231,0.293,0.34,0.633,2019
299,Austin Nola,SEA,C,30,79,238,37,64,12,1,10,31,1,0,23,63,1,1,4,0.26899999999999996,0.342,0.45399999999999996,0.7959999999999999,2019
300,Jason Castro,MIN,C,33,79,237,39,55,9,0,13,30,0,0,33,88,1,1,3,0.23199999999999998,0.332,0.435,0.767,2019
301,Leonys Martin,CLE,OF,32,65,236,32,47,7,0,9,19,4,5,21,78,3,0,4,0.19899999999999998,0.276,0.34299999999999997,0.619,2019
302,Phillip Ervin,CIN,OF,28,94,236,30,64,11,7,7,23,4,3,18,63,0,2,4,0.271,0.331,0.466,0.797,2019
303,Hernan Perez,MIL,2B,29,91,232,29,53,11,0,8,18,5,1,11,66,2,1,0,0.228,0.262,0.379,0.6409999999999999,2019
304,Johan Camargo,ATL,SS,26,98,232,31,54,12,1,7,32,1,0,15,43,1,0,0,0.233,0.27899999999999997,0.384,0.6629999999999999,2019
305,Greg Allen,CLE,OF,27,89,231,30,53,9,3,4,27,8,2,11,53,4,1,9,0.22899999999999998,0.29,0.34600000000000003,0.636,2019
306,Travis Shaw,MIL,3B,30,86,230,22,36,5,0,7,16,0,0,36,89,0,0,4,0.157,0.281,0.27,0.551,2019
307,Welington Castillo,CWS,C,33,72,230,19,48,12,0,12,41,0,0,16,74,0,2,3,0.209,0.267,0.41700000000000004,0.684,2019
308,Austin Romine,NYY,C,31,73,228,29,64,12,0,8,35,1,1,10,50,1,1,0,0.281,0.31,0.439,0.7490000000000001,2019
309,Jeff Mathis,TEX,C,37,88,228,17,36,9,0,2,12,1,0,15,87,0,1,0,0.158,0.209,0.22399999999999998,0.433,2019
310,Josh VanMeter,CIN,OF,25,95,228,33,54,13,1,8,23,9,3,29,56,0,1,2,0.237,0.327,0.408,0.735,2019
311,Adam Engel,CWS,OF,28,89,227,26,55,10,2,6,26,3,3,14,78,1,0,6,0.242,0.304,0.38299999999999995,0.687,2019
312,Francisco Mejia,SD,C,25,79,226,27,60,11,2,8,22,1,1,13,56,0,1,4,0.265,0.316,0.43799999999999994,0.754,2019
313,Lewis Brinson,MIA,OF,26,75,226,15,39,9,1,0,15,1,1,13,74,2,1,6,0.17300000000000001,0.23600000000000002,0.221,0.457,2019
314,Clint Frazier,NYY,OF,26,69,225,31,60,14,0,12,38,1,2,16,70,0,3,2,0.267,0.317,0.489,0.8059999999999999,2019
315,Jordan Luplow,CLE,OF,27,85,225,42,62,15,1,15,38,3,2,33,61,0,1,2,0.276,0.37200000000000005,0.551,0.9229999999999999,2019
316,Gordon Beckham,DET,2B,34,83,223,29,48,13,2,6,15,3,1,13,68,0,0,4,0.215,0.271,0.37200000000000005,0.643,2019
318,Adam Haseley,PHI,OF,24,67,222,30,59,14,0,5,26,4,0,14,60,1,0,5,0.266,0.324,0.396,0.72,2019
319,Aaron Hicks,NYY,OF,31,59,221,41,52,10,0,12,36,1,2,31,72,0,3,0,0.235,0.325,0.44299999999999995,0.768,2019
321,Justin Upton,LAA,OF,33,63,219,34,47,8,0,12,40,1,1,32,78,0,5,0,0.215,0.309,0.41600000000000004,0.725,2019
322,Andrew McCutchen,PHI,OF,34,59,219,45,56,12,1,10,29,2,1,43,55,0,0,0,0.256,0.37799999999999995,0.457,0.835,2019
324,Ryan Cordell,CWS,OF,28,97,217,22,48,8,0,7,24,3,1,19,69,6,2,3,0.221,0.29,0.355,0.645,2019
325,Addison Russell,CHC,2B,26,82,215,25,51,4,1,9,23,2,0,20,58,1,2,3,0.237,0.308,0.391,0.6990000000000001,2019
326,Donovan Solano,SF,2B,32,81,215,27,71,13,1,4,23,0,1,10,49,0,2,1,0.33,0.36,0.456,0.816,2019
327,Luis Urias,SD,2B,23,71,215,27,48,8,1,4,24,0,1,25,56,0,0,9,0.223,0.32899999999999996,0.326,0.655,2019
328,Tim Locastro,ARI,OF,28,91,212,38,53,12,2,1,17,17,0,14,44,1,1,22,0.25,0.35700000000000004,0.34,0.6970000000000001,2019
330,Austin Barnes,LAD,C,30,75,212,28,43,12,1,5,25,3,0,23,56,0,2,5,0.203,0.293,0.34,0.633,2019
331,Aledmys Diaz,HOU,2B,30,69,210,36,57,12,1,9,40,2,0,26,28,0,6,5,0.271,0.35600000000000004,0.467,0.823,2019
332,Russell Martin,LAD,C,37,83,209,29,46,5,0,6,20,1,0,30,60,0,2,8,0.22,0.337,0.33,0.667,2019
333,Grayson Greiner,DET,C,28,58,208,18,42,5,1,5,19,0,0,13,70,1,1,1,0.20199999999999999,0.251,0.308,0.5589999999999999,2019
334,Curt Casali,CIN,C,31,84,207,24,52,9,0,8,32,0,0,25,59,0,3,1,0.251,0.331,0.41100000000000003,0.742,2019
335,Daniel Robertson,TB,2B,26,74,207,23,44,9,1,2,19,2,2,24,59,0,0,6,0.213,0.312,0.295,0.607,2019
336,Aristides Aquino,CIN,OF,26,56,205,31,53,8,0,19,47,7,0,16,60,0,2,2,0.259,0.316,0.5760000000000001,0.892,2019
337,Guillermo Heredia,TB,OF,29,89,204,31,46,13,0,5,20,2,2,18,60,2,1,6,0.225,0.306,0.363,0.669,2019
338,Ehire Adrianza,MIN,SS,31,84,202,34,55,8,3,5,22,0,2,20,40,2,4,6,0.272,0.349,0.41600000000000004,0.765,2019
339,Isiah Kiner-Falefa,TEX,C,25,65,202,23,48,12,1,1,21,3,0,14,49,1,1,4,0.23800000000000002,0.299,0.322,0.621,2019
340,Ildemaro Vargas,ARI,2B,29,92,201,25,54,9,1,6,24,1,0,9,24,0,1,0,0.26899999999999996,0.299,0.413,0.7120000000000001,2019
341,Matt Joyce,ATL,OF,36,129,200,32,59,10,0,7,23,0,0,38,45,0,0,0,0.295,0.408,0.45,0.858,2019
342,Brandon Nimmo,NYM,OF,27,69,199,34,44,11,1,8,29,3,0,46,71,1,3,5,0.221,0.375,0.40700000000000003,0.782,2019
343,Ender Inciarte,ATL,OF,30,65,199,30,49,11,2,5,24,7,1,26,41,0,1,4,0.24600000000000002,0.34299999999999997,0.397,0.74,2019
344,Jake Cave,MIN,OF,27,72,198,28,51,11,2,8,25,0,0,21,71,0,1,8,0.258,0.35100000000000003,0.455,0.8059999999999999,2019
345,Bo Bichette,TOR,SS,22,46,196,32,61,18,0,11,21,4,4,14,50,0,1,1,0.311,0.358,0.5710000000000001,0.929,2019
346,Jacob Stallings,PIT,C,30,71,191,26,50,5,0,6,13,0,0,16,40,1,0,2,0.262,0.325,0.382,0.7070000000000001,2019
347,Kevan Smith,LAA,C,32,67,191,21,48,12,0,5,20,2,0,16,37,0,1,3,0.251,0.318,0.39299999999999996,0.711,2019
348,Willians Astudillo,MIN,C,29,58,190,28,51,9,0,4,21,0,0,5,8,0,4,5,0.268,0.299,0.379,0.6779999999999999,2019
350,Jake Lamb,ARI,3B,30,78,187,26,36,8,2,6,30,1,0,32,55,0,2,5,0.193,0.32299999999999995,0.353,0.6759999999999999,2019
351,Bubba Starling,KC,OF,28,56,186,26,40,7,0,4,12,2,0,9,56,1,0,1,0.215,0.255,0.317,0.5720000000000001,2019
352,Ty France,SD,2B,26,69,184,20,43,8,1,7,24,0,2,9,49,0,1,7,0.23399999999999999,0.294,0.402,0.696,2019
353,Kyle Farmer,CIN,2B,30,97,183,22,42,6,0,9,27,4,1,10,59,0,1,3,0.23,0.27899999999999997,0.41,0.6890000000000001,2019
355,Isan Diaz,MIA,2B,24,49,179,17,31,5,2,5,23,0,3,19,59,0,1,2,0.17300000000000001,0.259,0.307,0.5660000000000001,2019
356,Austin Dean,MIA,OF,27,64,178,17,40,14,0,6,21,0,2,9,47,1,1,0,0.225,0.261,0.40399999999999997,0.665,2019
357,Dominic Smith,NYM,1B,25,89,177,35,50,10,0,11,25,1,2,19,44,0,0,1,0.282,0.355,0.525,0.88,2019
359,Mike Freeman,CLE,2B,33,75,177,27,49,8,0,4,24,1,2,22,61,6,4,4,0.27699999999999997,0.36200000000000004,0.39,0.752,2019
361,Jung Ho Kang,PIT,3B,33,65,172,15,29,7,1,10,24,0,0,11,60,0,1,1,0.16899999999999998,0.222,0.395,0.617,2019
362,Yairo Munoz,STL,3B,25,88,172,20,46,7,1,2,13,8,3,7,37,0,1,1,0.267,0.298,0.355,0.653,2019
363,Sandy Leon,BOS,C,31,65,172,14,33,3,0,5,19,0,0,13,47,4,1,1,0.192,0.251,0.297,0.5479999999999999,2019
364,Ryan Zimmerman,WAS,1B,36,52,171,20,44,9,0,6,27,0,0,17,39,0,2,0,0.257,0.321,0.415,0.736,2019
365,Will Smith,LAD,C,25,54,170,30,43,9,0,15,42,2,0,18,52,0,3,5,0.253,0.337,0.5710000000000001,0.9079999999999999,2019
366,Travis Demeritte,DET,OF,26,48,169,24,38,7,2,3,10,3,0,14,63,1,1,1,0.225,0.28600000000000003,0.34299999999999997,0.629,2019
367,Ryon Healy,SEA,3B,28,47,169,24,40,16,0,7,26,0,0,13,40,0,4,1,0.237,0.289,0.456,0.745,2019
368,Austin Slater,SF,OF,27,68,168,20,40,9,3,5,21,1,0,22,59,0,0,2,0.23800000000000002,0.33299999999999996,0.41700000000000004,0.75,2019
369,Matt Wieters,STL,C,34,67,168,15,36,4,0,11,27,1,1,12,47,0,2,1,0.214,0.268,0.435,0.703,2019
370,Daniel Descalso,CHC,2B,34,82,168,20,29,5,1,2,15,2,1,23,57,1,1,0,0.17300000000000001,0.271,0.25,0.521,2019
371,Eduardo Nunez,BOS,2B,33,60,167,13,38,7,0,2,20,5,1,4,27,1,2,0,0.228,0.243,0.305,0.5479999999999999,2019
372,Chance Sisco,BAL,C,25,59,167,29,35,7,0,8,20,0,1,22,61,0,0,9,0.21,0.33299999999999996,0.395,0.728,2019
373,Jon Jay,CWS,OF,35,47,165,12,44,8,0,0,9,0,0,8,30,5,1,3,0.267,0.311,0.315,0.626,2019
375,Alex Avila,ARI,C,33,63,164,22,34,8,0,9,24,1,0,36,68,0,0,1,0.207,0.353,0.42100000000000004,0.774,2019
377,David Freese,LAD,3B,37,79,162,35,51,13,0,11,29,0,0,23,44,0,0,1,0.315,0.40299999999999997,0.599,1.002,2019
378,Manny Pina,MIL,C,33,76,158,10,36,8,0,7,25,0,0,16,50,0,1,4,0.228,0.313,0.41100000000000003,0.7240000000000001,2019
379,Kevin Plawecki,CLE,C,29,60,158,13,35,10,0,3,17,0,1,12,31,0,1,3,0.222,0.287,0.342,0.629,2019
380,Trent Grisham,MIL,OF,24,51,156,24,36,6,2,6,24,1,0,20,48,0,3,4,0.231,0.32799999999999996,0.41,0.738,2019
382,Gregory Polanco,PIT,OF,29,42,153,23,37,8,1,6,17,3,1,12,49,0,0,1,0.242,0.301,0.425,0.726,2019
383,Shed Long,SEA,2B,25,42,152,21,40,12,1,5,15,3,3,16,40,0,0,0,0.263,0.33299999999999996,0.45399999999999996,0.787,2019
384,Nate Lowe,TB,1B,25,50,152,24,40,8,0,7,19,0,0,13,50,0,2,2,0.263,0.325,0.45399999999999996,0.779,2019
385,Justin Bour,LAA,1B,32,52,151,18,26,5,0,8,26,0,0,17,52,0,1,1,0.172,0.259,0.364,0.623,2019
386,Ben Zobrist,CHC,2B,39,47,150,24,39,5,0,1,17,0,0,23,24,0,2,1,0.26,0.358,0.313,0.6709999999999999,2019
387,Marco Hernandez,BOS,2B,28,61,148,18,37,7,0,2,11,1,2,3,42,1,0,3,0.25,0.27899999999999997,0.33799999999999997,0.617,2019
388,Matt Duffy,TB,3B,29,46,147,12,37,8,0,1,12,0,1,19,29,0,1,2,0.252,0.34299999999999997,0.327,0.67,2019
389,Cole Tucker,PIT,SS,24,56,147,16,31,10,3,2,13,0,0,10,40,1,0,1,0.21100000000000002,0.266,0.361,0.627,2019
390,Matt Thaiss,LAA,3B,25,53,147,17,31,7,0,8,23,0,0,17,52,0,0,0,0.21100000000000002,0.293,0.42200000000000004,0.715,2019
392,Chris Iannetta,COL,C,37,52,144,20,32,10,0,6,21,0,0,18,54,0,1,1,0.222,0.311,0.41700000000000004,0.728,2019
393,Charlie Tilson,CWS,OF,27,54,144,16,33,5,0,1,12,4,0,10,38,0,0,3,0.22899999999999998,0.293,0.285,0.578,2019
394,Ryan Goins,CWS,3B,32,52,144,13,36,6,1,2,10,0,1,17,44,1,0,1,0.25,0.33299999999999996,0.34700000000000003,0.68,2019
395,Sam Travis,BOS,1B,27,59,144,17,31,4,1,6,16,2,0,11,36,0,1,1,0.215,0.27399999999999997,0.382,0.6559999999999999,2019
396,Mike Ford,NYY,1B,28,50,143,30,37,7,0,12,25,0,0,17,28,0,0,3,0.259,0.35,0.5589999999999999,0.909,2019
397,Pablo Reyes,PIT,OF,27,71,143,18,29,7,2,2,19,1,1,13,36,0,0,1,0.203,0.27399999999999997,0.322,0.596,2019
398,Erik Gonzalez,PIT,SS,29,53,142,15,36,4,1,1,6,4,1,9,37,3,1,1,0.254,0.301,0.317,0.618,2019
401,Tyler O'Neill,STL,OF,25,60,141,18,37,6,0,5,16,1,0,10,53,0,0,0,0.262,0.311,0.41100000000000003,0.722,2019
402,Ian Happ,CHC,OF,26,58,140,25,37,7,1,11,30,2,0,15,39,0,1,0,0.264,0.33299999999999996,0.564,0.897,2019
403,Josh Rojas,ARI,OF,26,41,138,17,30,7,0,2,16,4,2,18,41,0,0,1,0.217,0.312,0.312,0.624,2019
404,Josh Harrison,DET,2B,33,36,137,10,24,7,1,1,8,4,2,6,27,0,2,2,0.175,0.218,0.263,0.48100000000000004,2019
405,Andrew Knapp,PHI,C,28,74,136,12,29,9,0,2,8,0,0,18,51,3,0,3,0.213,0.318,0.324,0.642,2019
406,Tomas Nido,NYM,C,26,50,136,9,26,5,0,4,14,0,0,7,37,1,0,0,0.191,0.231,0.316,0.547,2019
407,Charlie Culberson,ATL,OF,31,108,135,14,35,5,2,5,20,0,1,6,44,1,1,1,0.259,0.294,0.43700000000000006,0.731,2019
408,Mark Reynolds,COL,1B,37,78,135,13,23,7,0,4,20,2,0,22,57,0,3,2,0.17,0.29,0.311,0.601,2019
411,Meibrys Viloria,KC,C,23,42,133,7,28,7,0,1,15,0,1,10,44,1,4,0,0.21100000000000002,0.259,0.28600000000000003,0.545,2019
412,JT Riddle,MIA,OF,29,51,132,15,25,6,0,6,12,0,0,5,42,0,0,2,0.18899999999999997,0.23,0.371,0.601,2019
413,Mike Brosseau,TB,2B,26,51,132,17,36,7,0,6,16,1,0,7,39,1,0,2,0.273,0.319,0.462,0.7809999999999999,2019
414,Wilmer Difo,WAS,SS,28,43,131,15,33,2,0,2,8,0,1,12,29,1,0,0,0.252,0.315,0.313,0.628,2019
417,Cam Gallagher,KC,C,27,45,126,14,30,7,0,3,12,0,1,11,28,1,1,3,0.23800000000000002,0.312,0.365,0.677,2019
418,Odubel Herrera,PHI,OF,28,39,126,12,28,10,1,1,16,2,2,11,33,0,1,1,0.222,0.28800000000000003,0.341,0.629,2019
419,DJ Stewart,BAL,OF,26,44,126,15,30,6,0,4,15,1,2,14,26,0,1,1,0.23800000000000002,0.317,0.381,0.698,2019
421,Humberto Arteaga,KC,SS,26,41,122,11,24,4,0,0,4,1,1,8,28,3,0,2,0.19699999999999998,0.258,0.23,0.488,2019
422,Adam Duvall,ATL,OF,32,41,120,17,32,4,1,10,19,0,0,7,39,0,1,2,0.267,0.315,0.5670000000000001,0.882,2019
423,Jose Trevino,TEX,C,27,40,120,18,31,9,0,2,13,0,0,3,27,1,2,0,0.258,0.272,0.38299999999999995,0.655,2019
424,Luke Maile,TOR,C,29,45,119,9,18,2,1,2,9,1,0,8,33,2,0,0,0.151,0.205,0.235,0.44,2019
427,Nick Solak,TEX,DH,25,33,116,19,34,6,1,5,17,2,0,15,29,0,0,4,0.293,0.39299999999999996,0.491,0.884,2019
428,Bryan Holaday,MIA,C,32,43,115,12,32,6,0,4,12,0,1,11,21,1,1,1,0.278,0.344,0.435,0.779,2019
429,Sean Rodriguez,PHI,3B,35,76,112,24,25,5,0,4,12,1,1,19,41,4,1,3,0.223,0.348,0.375,0.723,2019
430,Jake Rogers,DET,C,25,35,112,11,14,3,0,4,8,0,0,13,51,2,0,1,0.125,0.222,0.259,0.48100000000000004,2019
431,Tim Lopes,SEA,OF,26,41,111,11,30,7,0,1,12,6,3,15,29,0,1,1,0.27,0.359,0.36,0.7190000000000001,2019
435,Roman Quinn,PHI,OF,27,44,108,18,23,3,1,4,11,8,0,12,34,1,0,1,0.213,0.298,0.37,0.6679999999999999,2019
436,Myles Straw,HOU,SS,26,56,108,27,29,4,2,0,7,8,1,19,24,1,0,0,0.26899999999999996,0.37799999999999995,0.34299999999999997,0.721,2019
438,Nick Williams,PHI,OF,27,67,106,9,16,4,0,2,5,0,0,4,43,0,0,2,0.151,0.196,0.245,0.441,2019
439,Rosell Herrera,MIA,OF,28,63,105,10,21,6,0,2,11,4,1,11,27,1,0,2,0.2,0.28800000000000003,0.314,0.602,2019
441,Lucas Duda,KC,1B,34,39,105,7,18,4,0,4,15,0,0,11,32,0,2,1,0.171,0.252,0.324,0.5760000000000001,2019
444,Jace Peterson,BAL,OF,30,29,100,14,22,3,1,2,11,4,1,6,24,0,1,1,0.22,0.26899999999999996,0.33,0.599,2019
445,Willi Castro,DET,SS,23,30,100,10,23,6,1,1,8,0,1,6,34,1,1,2,0.23,0.284,0.34,0.624,2019
446,Yonathan Daza,COL,OF,26,44,97,7,20,1,1,0,3,1,0,7,21,0,1,0,0.20600000000000002,0.257,0.237,0.494,2019
447,Zack Cozart,LAA,3B,35,38,97,4,12,2,0,0,7,0,0,5,16,0,3,2,0.124,0.17800000000000002,0.14400000000000002,0.322,2019
448,Reese McGuire,TOR,C,25,30,97,14,29,7,0,5,11,0,0,7,18,0,0,0,0.299,0.34600000000000003,0.526,0.872,2019
449,Cory Spangenberg,MIL,2B,29,32,95,11,22,2,2,2,10,3,0,6,36,1,0,0,0.23199999999999998,0.27699999999999997,0.358,0.635,2019
451,Tyler Wade,NYY,2B,25,43,94,16,23,3,1,2,11,7,0,11,28,2,0,1,0.245,0.33,0.36200000000000004,0.6920000000000001,2019
455,Steve Pearce,BOS,1B,37,29,89,9,16,4,0,1,9,0,0,7,31,0,1,1,0.18,0.245,0.258,0.503,2019
456,Rafael Ortega,ATL,OF,29,34,88,7,18,3,0,2,10,3,0,8,22,0,0,0,0.205,0.271,0.307,0.578,2019
457,Michael Taylor,WAS,OF,29,53,88,10,22,7,0,1,3,6,0,7,34,2,0,0,0.25,0.305,0.364,0.669,2019
458,Carlos Gomez,NYM,OF,34,34,86,10,17,3,0,3,10,4,1,7,30,2,1,3,0.198,0.278,0.337,0.615,2019
460,Zack Collins,CWS,DH,25,27,86,10,16,3,1,3,12,0,0,14,39,0,0,1,0.18600000000000003,0.307,0.349,0.6559999999999999,2019
462,Daniel Palka,CWS,OF,29,30,84,4,9,0,0,2,4,0,1,8,35,0,0,1,0.107,0.19399999999999998,0.179,0.373,2019
464,Chris Herrmann,OAK,C,32,30,84,9,17,3,0,1,8,0,0,9,29,1,0,0,0.20199999999999999,0.28,0.27399999999999997,0.5539999999999999,2019
465,Wilfredo Tovar,LAA,SS,29,31,83,5,16,5,0,0,5,0,0,5,15,0,0,0,0.193,0.239,0.253,0.49200000000000005,2019
466,Jonathan Davis,TOR,OF,28,37,83,8,15,1,0,2,6,3,1,5,24,1,1,5,0.18100000000000002,0.266,0.265,0.531,2019
469,Scott Schebler,CIN,OF,30,30,81,11,10,2,0,2,7,0,1,14,27,0,0,0,0.12300000000000001,0.253,0.222,0.475,2019
470,Pat Valaika,COL,2B,28,40,79,11,15,5,1,1,4,0,0,7,34,0,0,0,0.19,0.256,0.316,0.5720000000000001,2019
471,Jared Walsh,LAA,1B,27,34,79,6,16,5,1,1,5,0,0,6,35,0,0,2,0.203,0.276,0.32899999999999996,0.605,2019
472,Nico Hoerner,CHC,SS,23,20,78,13,22,1,1,3,17,0,0,3,11,0,1,0,0.282,0.305,0.436,0.741,2019
473,Abraham Toro,HOU,3B,23,25,78,13,17,3,2,2,9,1,1,9,19,0,1,1,0.218,0.303,0.385,0.688,2019
474,Sam Hilliard,COL,OF,26,27,77,13,21,4,2,7,13,2,0,9,23,0,0,1,0.273,0.35600000000000004,0.649,1.005,2019
476,Brendan Rodgers,COL,2B,24,25,76,8,17,2,0,0,7,0,0,4,27,0,0,1,0.22399999999999998,0.272,0.25,0.522,2019
477,Ryan McBroom,KC,OF,28,23,75,8,22,5,0,0,6,0,0,7,25,0,0,1,0.293,0.361,0.36,0.721,2019
478,Tim Federowicz,TEX,C,33,29,75,6,12,2,0,4,7,1,0,5,31,3,0,0,0.16,0.213,0.34700000000000003,0.56,2019
479,Scott Heineman,TEX,OF,27,25,75,8,16,6,0,2,7,1,2,9,20,0,0,1,0.213,0.306,0.373,0.679,2019
480,Gavin Lux,LAD,2B,22,23,75,12,18,4,1,2,9,2,0,7,24,0,0,0,0.24,0.305,0.4,0.705,2019
481,Seth Brown,OAK,OF,28,26,75,11,22,8,2,0,13,1,0,7,23,0,0,1,0.293,0.361,0.45299999999999996,0.8140000000000001,2019
482,Richard Urena,TOR,SS,24,30,74,4,18,6,0,0,4,0,0,2,23,3,0,1,0.243,0.273,0.324,0.597,2019
483,Yu Chang,CLE,3B,25,28,73,8,13,2,1,1,6,0,0,11,22,0,0,0,0.17800000000000002,0.28600000000000003,0.27399999999999997,0.56,2019
484,Yangervis Solarte,SF,2B,33,28,73,9,15,5,0,1,7,0,0,4,16,1,0,0,0.205,0.247,0.315,0.562,2019
486,Kelvin Gutierrez,KC,3B,26,20,73,4,19,2,1,1,11,1,0,5,24,0,1,0,0.26,0.304,0.35600000000000004,0.66,2019
487,Robel Garcia,CHC,2B,27,31,72,8,15,2,2,5,11,0,0,7,35,0,1,0,0.20800000000000002,0.275,0.5,0.775,2019
488,Matt Skole,CWS,DH,31,27,72,7,15,2,0,0,6,0,0,7,31,0,1,0,0.20800000000000002,0.275,0.23600000000000002,0.511,2019
489,Kevin Cron,ARI,1B,27,39,71,12,15,4,0,6,16,0,1,4,28,0,1,2,0.21100000000000002,0.26899999999999996,0.521,0.79,2019
490,Kyle Lewis,SEA,OF,25,18,71,10,19,5,0,6,13,0,0,3,29,0,1,0,0.268,0.293,0.5920000000000001,0.885,2019
491,Austin Wynns,BAL,C,29,28,70,8,15,1,0,1,5,0,0,3,14,1,0,0,0.214,0.247,0.271,0.518,2019
492,Nick Hundley,OAK,C,37,31,70,5,14,3,1,2,5,0,1,2,18,0,0,1,0.2,0.233,0.35700000000000004,0.59,2019
495,Austin Hays,BAL,OF,25,21,68,12,21,6,0,4,13,2,0,7,13,0,0,0,0.309,0.373,0.574,0.9470000000000001,2019
496,Kyle Tucker,HOU,OF,23,22,67,15,18,6,0,4,11,5,0,4,20,0,0,1,0.26899999999999996,0.319,0.537,0.856,2019
498,Phil Gosselin,PHI,OF,32,44,65,5,17,3,0,0,7,0,0,3,16,0,0,0,0.262,0.294,0.308,0.602,2019
499,Tyler Saladino,MIL,SS,31,28,65,7,8,0,0,2,8,2,0,5,26,0,0,1,0.12300000000000001,0.19699999999999998,0.215,0.41200000000000003,2019
500,Brett Phillips,KC,OF,26,30,65,7,9,2,0,2,6,3,0,10,23,2,2,0,0.138,0.247,0.262,0.509,2019
501,Austin Allen,SD,C,26,34,65,4,14,4,0,0,3,0,0,6,21,0,0,0,0.215,0.282,0.27699999999999997,0.5589999999999999,2019
503,Thairo Estrada,NYY,2B,24,35,64,12,16,3,0,3,12,4,0,3,15,1,0,1,0.25,0.294,0.43799999999999994,0.732,2019
504,Cedric Mullins,BAL,OF,26,22,64,7,6,0,2,0,4,1,0,4,14,2,1,3,0.094,0.18100000000000002,0.156,0.337,2019
505,Jack Mayfield,HOU,SS,30,26,64,8,10,5,0,2,5,0,0,1,16,0,0,0,0.156,0.16899999999999998,0.32799999999999996,0.49700000000000005,2019
506,Nicky Delmonico,CWS,OF,28,21,63,6,13,2,0,1,6,0,1,4,25,0,0,1,0.20600000000000002,0.265,0.28600000000000003,0.551,2019
509,Jesus Sucre,BAL,C,32,21,62,3,13,2,0,0,3,0,0,4,13,0,0,1,0.21,0.26899999999999996,0.242,0.511,2019
510,Luis Guillorme,NYM,2B,26,45,61,8,15,4,0,1,3,0,0,7,14,2,0,0,0.24600000000000002,0.324,0.361,0.685,2019
512,Matt Kemp,CIN,OF,36,20,60,4,12,2,0,1,5,0,0,1,19,0,1,0,0.2,0.21,0.28300000000000003,0.493,2019
513,Yadiel Rivera,MIA,SS,28,34,60,8,11,2,0,0,3,2,0,6,20,0,0,0,0.183,0.258,0.217,0.475,2019
514,Giancarlo Stanton,NYY,OF,30,18,59,8,17,3,0,3,13,0,0,12,24,0,1,0,0.28800000000000003,0.40299999999999997,0.49200000000000005,0.895,2019
515,Franklin Barreto,OAK,2B,24,23,57,6,7,2,0,2,5,1,0,1,23,0,0,0,0.12300000000000001,0.138,0.263,0.401,2019
516,Braden Bishop,SEA,OF,27,27,56,3,6,0,0,0,4,0,0,3,21,1,0,0,0.107,0.153,0.107,0.26,2019
518,Nick Dini,KC,C,27,20,56,11,11,3,0,2,6,0,0,4,18,1,1,2,0.196,0.27,0.35700000000000004,0.627,2019
519,Kyle Higashioka,NYY,C,30,18,56,8,12,5,0,3,11,0,0,0,26,0,1,0,0.214,0.21100000000000002,0.46399999999999997,0.675,2019
520,Sheldon Neuse,OAK,2B,25,25,56,3,14,3,0,0,7,0,0,4,19,0,1,0,0.25,0.295,0.304,0.599,2019
521,LaMonte Wade,MIN,OF,26,26,56,10,11,2,1,2,5,0,1,11,9,0,0,2,0.196,0.348,0.375,0.723,2019
522,Josh Fuentes,COL,1B,27,24,55,8,12,1,0,3,7,1,0,1,20,0,0,0,0.218,0.23199999999999998,0.4,0.632,2019
523,Isaac Galloway,MIA,OF,31,19,54,6,9,1,0,0,1,2,0,0,17,0,0,0,0.16699999999999998,0.16699999999999998,0.185,0.35200000000000004,2019
527,Sean Murphy,OAK,C,26,20,53,14,13,5,0,4,8,0,0,6,16,0,0,1,0.245,0.33299999999999996,0.5660000000000001,0.899,2019
528,Andrew Knizner,STL,C,25,18,53,7,12,2,0,2,7,2,0,4,14,0,0,1,0.226,0.293,0.377,0.67,2019
531,Terrance Gore,KC,OF,29,37,51,13,14,2,1,0,1,13,5,6,18,0,0,1,0.275,0.36200000000000004,0.353,0.715,2019
532,Christian Arroyo,TB,3B,25,16,50,8,11,2,0,2,7,0,0,5,18,1,0,1,0.22,0.304,0.38,0.684,2019
536,Gorkys Hernandez,BOS,OF,33,20,49,5,7,1,2,0,2,1,0,5,14,2,1,0,0.14300000000000002,0.218,0.245,0.46299999999999997,2019
537,Hanley Ramirez,CLE,DH,36,16,49,4,9,1,0,2,8,0,0,8,17,0,0,0,0.184,0.298,0.327,0.625,2019
538,Kyle Garlick,LAD,OF,28,30,48,8,12,4,0,3,6,0,0,5,19,0,0,0,0.25,0.321,0.521,0.8420000000000001,2019
539,Chad Wallach,MIA,C,29,19,48,4,12,3,0,1,3,0,0,6,12,0,0,0,0.25,0.33299999999999996,0.375,0.708,2019
540,Edwin Rios,LAD,1B,26,28,47,10,13,2,1,4,8,0,0,9,21,0,0,0,0.27699999999999997,0.39299999999999996,0.617,1.01,2019
541,J.B. Shuck,PIT,OF,33,27,47,4,10,0,1,0,2,1,1,8,10,1,0,1,0.213,0.33899999999999997,0.255,0.594,2019
542,Jake Elmore,PIT,OF,33,20,47,3,10,1,0,0,4,0,1,2,8,0,0,0,0.213,0.245,0.23399999999999999,0.479,2019
543,Miguel Andujar,NYY,DH,25,12,47,1,6,0,0,0,1,0,0,1,11,0,1,0,0.128,0.14300000000000002,0.128,0.271,2019
544,Michael Perez,TB,C,28,22,46,6,10,5,0,0,2,0,0,8,19,0,0,1,0.217,0.345,0.326,0.6709999999999999,2019
545,Bobby Bradley,CLE,DH,24,15,45,4,8,5,0,1,4,0,0,4,20,0,0,0,0.17800000000000002,0.245,0.35600000000000004,0.601,2019
547,Bobby Wilson,DET,C,37,15,44,2,4,1,0,0,2,0,0,2,11,1,0,0,0.091,0.13,0.114,0.244,2019
548,Peter Bourjos,LAA,OF,33,26,44,4,4,1,0,0,2,2,0,1,15,0,1,0,0.091,0.109,0.114,0.223,2019
549,AJ Reed,CWS,DH,27,14,44,1,6,0,0,1,4,0,0,4,21,0,1,0,0.136,0.204,0.205,0.409,2019
550,Dustin Peterson,DET,OF,26,17,44,3,10,4,0,0,6,1,0,2,14,0,0,1,0.22699999999999998,0.27699999999999997,0.318,0.595,2019
551,Alen Hanson,TOR,2B,28,18,43,5,7,0,0,0,4,1,0,3,17,0,1,1,0.163,0.22899999999999998,0.163,0.392,2019
552,Drew Butera,COL,C,37,16,43,6,7,3,0,0,3,0,0,4,14,1,1,0,0.163,0.22899999999999998,0.233,0.462,2019
554,Peter O'Brien,MIA,OF,30,14,42,2,7,1,0,1,4,1,0,4,19,0,0,1,0.16699999999999998,0.255,0.262,0.517,2019
555,Aramis Garcia,SF,C,27,18,42,5,6,1,0,2,5,0,0,4,21,0,0,0,0.14300000000000002,0.217,0.31,0.527,2019
556,Kevin Kramer,PIT,OF,27,22,42,5,7,1,0,0,5,0,1,6,17,0,2,0,0.16699999999999998,0.26,0.19,0.45,2019
557,Taylor Ward,LAA,OF,26,20,42,4,8,3,0,1,2,0,0,6,23,0,0,0,0.19,0.292,0.33299999999999996,0.625,2019
558,Jaylin Davis,SF,OF,26,17,42,2,7,0,0,1,3,1,2,3,11,0,0,2,0.16699999999999998,0.255,0.23800000000000002,0.493,2019
559,Brian O'Grady,CIN,OF,28,28,42,4,8,2,1,2,3,0,0,4,17,0,0,2,0.19,0.292,0.429,0.721,2019
560,Eric Stamets,CLE,SS,29,15,41,4,2,1,0,0,2,0,0,5,24,1,1,0,0.049,0.149,0.073,0.222,2019
564,Magneuris Sierra,MIA,OF,24,15,40,5,14,1,1,0,1,3,3,2,7,0,0,0,0.35,0.381,0.425,0.8059999999999999,2019
565,Jake Fraley,SEA,OF,25,12,40,3,6,2,0,0,1,0,0,0,14,0,0,1,0.15,0.171,0.2,0.371,2019
566,Carter Kieboom,WAS,SS,23,11,39,4,5,0,0,2,2,0,0,4,16,0,0,0,0.128,0.209,0.282,0.491,2019
567,Danny Mendick,CWS,SS,27,16,39,6,12,0,0,2,4,0,0,1,11,0,0,0,0.308,0.325,0.462,0.787,2019
568,Socrates Brito,TOR,OF,28,17,39,5,3,0,1,0,2,0,0,4,17,0,0,0,0.077,0.163,0.128,0.29100000000000004,2019
569,Dom Nunez,COL,C,25,16,39,4,7,3,0,2,4,0,0,3,17,0,1,0,0.179,0.233,0.41,0.643,2019
570,Rangel Ravelo,STL,1B,28,29,39,4,8,2,0,2,7,0,0,3,12,0,1,0,0.205,0.256,0.41,0.6659999999999999,2019
571,Caleb Joseph,ARI,C,34,20,38,5,8,2,0,0,3,0,0,1,10,1,0,1,0.21100000000000002,0.25,0.263,0.513,2019
572,Lane Thomas,STL,OF,25,34,38,6,12,0,1,4,12,1,1,4,8,0,0,2,0.316,0.409,0.684,1.093,2019
576,Mark Zagunis,CHC,OF,27,30,36,2,9,3,0,0,5,0,0,4,16,0,0,0,0.25,0.325,0.33299999999999996,0.6579999999999999,2019
577,Alex Blandino,CIN,2B,27,23,36,6,9,1,0,1,3,0,0,10,14,0,2,2,0.25,0.42,0.361,0.7809999999999999,2019
578,Michael Hermosillo,LAA,OF,25,18,36,7,5,1,1,0,3,2,0,5,19,0,1,4,0.139,0.304,0.222,0.526,2019
579,Jason Martin,PIT,OF,25,20,36,5,9,2,0,0,2,2,0,4,10,0,0,0,0.25,0.325,0.306,0.631,2019
580,Garrett Stubbs,HOU,C,27,19,35,8,7,3,0,0,2,1,0,4,7,0,0,0,0.2,0.282,0.28600000000000003,0.568,2019
581,Greg Bird,NYY,1B,27,10,35,6,6,0,0,1,1,0,0,6,16,0,0,0,0.171,0.293,0.257,0.55,2019
582,Logan Morrison,PHI,1B,33,29,35,5,7,1,0,2,3,0,0,3,10,0,0,0,0.2,0.263,0.4,0.6629999999999999,2019
586,Max Moroff,CLE,2B,27,20,32,3,4,1,0,1,4,1,0,2,16,1,0,0,0.125,0.17600000000000002,0.25,0.426,2019
587,Abraham Almonte,ARI,OF,31,17,31,11,9,3,1,1,4,0,0,7,8,0,0,0,0.29,0.42100000000000004,0.5479999999999999,0.9690000000000001,2019
589,Adrian Sanchez,WAS,3B,30,28,31,3,7,0,0,0,1,0,0,1,10,0,0,0,0.226,0.25,0.226,0.47600000000000003,2019
590,Mason Williams,BAL,OF,29,11,30,4,8,1,0,0,2,1,0,3,6,0,1,0,0.267,0.324,0.3,0.624,2019
591,Andrew Stevenson,WAS,OF,26,30,30,4,11,1,1,0,0,0,1,6,11,0,0,1,0.36700000000000005,0.486,0.467,0.953,2019
592,Seth Mejias-Brean,SD,1B,29,14,30,3,7,2,0,2,5,0,0,3,9,0,0,0,0.233,0.303,0.5,0.8029999999999999,2019
594,Mark Trumbo,BAL,DH,34,12,29,1,5,3,0,0,3,0,0,2,5,0,0,0,0.172,0.226,0.276,0.502,2019
595,Anthony Alford,TOR,OF,26,16,28,3,5,0,0,1,1,2,0,1,11,0,0,1,0.179,0.233,0.28600000000000003,0.519,2019
596,Patrick Wisdom,TEX,1B,29,9,26,1,4,1,0,0,1,0,0,1,15,1,0,0,0.154,0.185,0.192,0.377,2019
598,Kaleb Cowart,LAA,3B,28,9,25,1,4,3,0,0,1,1,0,1,7,0,0,0,0.16,0.192,0.28,0.47200000000000003,2019
599,Rajai Davis,NYM,OF,40,29,25,4,5,2,0,1,8,0,1,1,5,0,0,0,0.2,0.231,0.4,0.631,2019
600,Domingo Leyba,ARI,2B,25,21,25,6,7,2,1,0,5,0,0,4,9,0,1,0,0.28,0.36700000000000005,0.44,0.807,2019
601,Mike Gerber,SF,OF,28,12,24,0,1,1,0,0,0,0,0,2,15,0,0,0,0.042,0.115,0.083,0.198,2019
602,Ryan Court,SEA,1B,32,12,24,1,5,1,0,1,5,0,0,1,11,0,0,0,0.20800000000000002,0.24,0.375,0.615,2019
606,Ryan LaMarre,MIN,OF,31,14,23,3,5,0,0,2,3,1,1,3,5,0,0,0,0.217,0.308,0.478,0.7859999999999999,2019
607,Mikie Mahtook,DET,OF,30,9,23,0,0,0,0,0,0,0,0,2,11,0,0,0,0.0,0.08,0.0,0.08,2019
608,Cristhian Adames,SF,2B,29,10,22,1,7,1,0,0,2,0,0,2,8,0,0,0,0.318,0.375,0.364,0.7390000000000001,2019
609,Travis Jankowski,SD,OF,29,25,22,4,4,0,0,0,0,2,2,2,4,0,0,0,0.182,0.25,0.182,0.43200000000000005,2019
611,Erick Mejia,KC,OF,25,9,22,3,5,1,0,0,4,0,0,4,7,0,1,0,0.22699999999999998,0.33299999999999996,0.273,0.606,2019
612,Ryan Flaherty,CLE,3B,34,14,21,4,3,2,0,0,1,0,0,0,7,1,0,0,0.14300000000000002,0.14300000000000002,0.23800000000000002,0.381,2019
613,Dustin Pedroia,BOS,2B,37,6,20,1,2,0,0,0,1,0,0,1,2,0,0,0,0.1,0.14300000000000002,0.1,0.243,2019
614,Tzu-Wei Lin,BOS,2B,26,13,20,3,4,2,0,0,1,1,1,2,6,0,0,0,0.2,0.273,0.3,0.573,2019
615,Jorge Bonifacio,KC,OF,27,5,20,3,7,3,0,0,3,0,0,1,7,0,0,0,0.35,0.381,0.5,0.8809999999999999,2019
617,Randy Arozarena,STL,OF,25,19,20,4,6,1,0,1,2,2,1,2,4,0,0,1,0.3,0.391,0.5,0.8909999999999999,2019
619,Ryan Lavarnway,CIN,C,33,5,18,4,5,2,0,2,7,0,0,1,5,0,0,0,0.278,0.316,0.722,1.038,2019
620,Chris Shaw,SF,1B,26,16,18,0,1,0,0,0,0,0,0,2,8,0,0,0,0.055999999999999994,0.15,0.055999999999999994,0.20600000000000002,2019
621,Juan Graterol,CIN,C,31,6,18,1,4,0,0,0,1,0,0,0,4,0,0,0,0.222,0.222,0.222,0.444,2019
622,Taylor Davis,CHC,C,30,7,18,2,3,0,0,1,4,0,0,2,4,0,0,0,0.16699999999999998,0.25,0.33299999999999996,0.583,2019
623,Ian Miller,MIN,OF,28,12,17,2,3,1,0,0,1,0,0,0,3,0,0,0,0.17600000000000002,0.17600000000000002,0.235,0.41100000000000003,2019
627,Rene Rivera,NYM,C,37,9,17,2,4,0,0,1,3,0,0,3,4,0,0,0,0.235,0.35,0.41200000000000003,0.762,2019
630,Ronald Torreyes,MIN,SS,28,7,16,3,3,0,0,0,1,1,0,0,3,0,0,1,0.188,0.235,0.188,0.423,2019
631,Eric Haase,CLE,C,27,10,16,1,1,0,0,1,3,0,0,1,8,0,0,0,0.063,0.11800000000000001,0.25,0.368,2019
632,Donovan Walton,SEA,SS,26,7,16,2,3,0,0,0,2,0,1,3,5,0,0,0,0.188,0.316,0.188,0.504,2019
633,Frank Schwindel,KC,1B,28,6,15,0,1,0,0,0,0,0,0,0,2,0,0,0,0.067,0.067,0.067,0.134,2019
635,Connor Joe,SF,OF,28,8,15,1,1,0,0,0,0,0,0,1,5,0,0,0,0.067,0.125,0.067,0.192,2019
636,Juan Centeno,BOS,C,30,7,15,0,2,0,0,0,2,1,0,2,2,0,0,1,0.133,0.278,0.133,0.41100000000000003,2019
637,Franchy Cordero,SD,OF,26,9,15,2,5,1,0,0,1,1,0,4,7,0,1,0,0.33299999999999996,0.45,0.4,0.85,2019
638,Rocky Gale,LAD,C,32,5,15,1,2,0,0,0,0,0,0,0,7,0,0,0,0.133,0.133,0.133,0.266,2019
640,Luis Torrens,SD,C,24,7,14,2,3,1,0,0,0,0,0,2,6,0,0,0,0.214,0.313,0.28600000000000003,0.599,2019
641,Zach Green,SF,3B,26,8,14,1,2,1,0,0,1,0,0,2,6,0,0,0,0.14300000000000002,0.25,0.214,0.46399999999999997,2019
643,Alex Jackson,ATL,C,24,4,13,0,0,0,0,0,0,0,0,1,5,0,0,1,0.0,0.133,0.0,0.133,2019
644,Bradley Zimmer,CLE,OF,27,9,13,1,0,0,0,0,0,0,0,1,7,0,0,0,0.0,0.071,0.0,0.071,2019
646,Jarrett Parker,LAA,OF,31,5,12,1,0,0,0,0,0,0,0,3,8,0,0,0,0.0,0.2,0.0,0.2,2019
647,Seby Zavala,CWS,C,27,5,12,1,1,0,0,0,0,0,0,0,9,0,0,0,0.083,0.083,0.083,0.166,2019
648,Jake Noll,WAS,1B,26,8,12,1,2,1,0,0,2,0,0,1,4,0,0,0,0.16699999999999998,0.231,0.25,0.48100000000000004,2019
649,Raudy Read,WAS,C,27,6,11,0,1,0,0,0,0,0,0,0,5,0,0,0,0.091,0.091,0.091,0.182,2019
652,Troy Tulowitzki,NYY,SS,36,5,11,1,2,1,0,1,1,0,0,2,4,0,0,0,0.182,0.308,0.545,0.853,2019
654,Tyler Heineman,MIA,C,29,5,11,1,3,1,0,1,2,0,0,0,4,1,0,0,0.273,0.273,0.636,0.909,2019
656,Tyrone Taylor,MIL,OF,26,15,10,1,4,2,0,0,1,0,0,1,1,0,0,1,0.4,0.5,0.6,1.1,2019
657,Skye Bolt,OAK,OF,26,5,10,1,1,1,0,0,0,0,0,1,3,0,0,0,0.1,0.182,0.2,0.382,2019
658,Steve Baron,PIT,C,29,7,10,0,2,1,0,0,1,0,0,0,6,0,0,0,0.2,0.2,0.3,0.5,2019
659,Ruben Tejada,NYM,SS,31,6,9,1,0,0,0,0,0,0,0,0,3,0,0,0,0.0,0.0,0.0,0.0,2019
660,Deivy Grullon,PHI,C,24,4,9,0,1,1,0,0,1,0,0,0,2,0,0,0,0.111,0.111,0.222,0.33299999999999996,2019
661,Michael Reed,SF,OF,27,4,8,0,0,0,0,0,0,0,0,0,6,0,0,0,0.0,0.0,0.0,0.0,2019
662,Edmundo Sosa,STL,2B,24,8,8,2,2,0,0,0,0,1,0,1,2,0,0,1,0.25,0.4,0.25,0.65,2019
663,Wilkin Castillo,MIA,C,36,2,7,0,1,1,0,0,2,0,0,0,3,0,0,0,0.14300000000000002,0.14300000000000002,0.28600000000000003,0.429,2019
664,Jed Lowrie,NYM,2B,36,9,7,0,0,0,0,0,0,0,0,1,4,0,0,0,0.0,0.125,0.0,0.125,2019
665,Drew Robinson,STL,OF,28,5,7,1,1,0,0,0,0,0,0,0,3,0,0,0,0.14300000000000002,0.14300000000000002,0.14300000000000002,0.28600000000000003,2019
666,Abiatal Avelino,SF,SS,25,4,7,0,2,0,0,0,1,0,0,1,3,0,0,0,0.28600000000000003,0.375,0.28600000000000003,0.6609999999999999,2019
667,Christian Colon,CIN,2B,31,8,6,1,3,0,0,0,1,0,0,0,0,0,0,2,0.5,0.625,0.5,1.125,2019
668,Jacob Nottingham,MIL,C,25,9,6,1,2,0,0,1,4,0,0,0,2,0,0,1,0.33299999999999996,0.429,0.833,1.262,2019
669,Nick Ciuffo,TB,C,25,3,6,0,1,0,0,0,0,0,0,0,3,0,0,0,0.16699999999999998,0.16699999999999998,0.16699999999999998,0.33399999999999996,2019
670,Yasmany Tomas,ARI,DH,29,4,6,0,0,0,0,0,0,0,0,0,3,0,0,0,0.0,0.0,0.0,0.0,2019
672,Deven Marrero,MIA,SS,30,5,5,0,0,0,0,0,0,0,0,0,3,0,0,0,0.0,0.0,0.0,0.0,2019
673,Jim Adduci,CHC,OF,35,2,5,0,0,0,0,0,0,0,0,0,3,0,0,0,0.0,0.0,0.0,0.0,2019
674,Ichiro Suzuki,SEA,OF,46,2,5,0,0,0,0,0,0,0,0,1,1,0,0,0,0.0,0.16699999999999998,0.0,0.16699999999999998,2019
676,Johnny Davis,TB,OF,30,8,4,5,1,0,1,0,0,0,0,0,2,0,0,0,0.25,0.25,0.75,1.0,2019
677,Sam Haggerty,NYM,2B,26,11,4,2,0,0,0,0,0,0,0,0,3,0,0,0,0.0,0.0,0.0,0.0,2019
680,Drew Jackson,BAL,OF,27,3,3,0,0,0,0,0,0,0,0,1,1,0,0,0,0.0,0.25,0.0,0.25,2019
684,Mitch Walding,PHI,3B,28,2,2,0,0,0,0,0,0,0,0,0,2,0,0,0,0.0,0.0,0.0,0.0,2019
685,Noel Cuevas,COL,OF,29,1,2,0,0,0,0,0,0,0,0,0,0,0,0,0,0.0,0.0,0.0,0.0,2019
686,Tres Barrera,WAS,C,26,2,2,0,0,0,0,0,0,0,0,0,0,0,0,0,0.0,0.0,0.0,0.0,2019
687,Joe Hudson,STL,C,29,1,1,0,0,0,0,0,0,0,0,0,1,0,0,0,0.0,0.0,0.0,0.0,2019
688,Dylan Cozens,PHI,OF,26,1,1,0,0,0,0,0,0,0,0,0,0,0,0,0,0.0,0.0,0.0,0.0,2019
692,Rob Brantly,PHI,C,31,1,1,0,0,0,0,0,0,0,0,0,1,0,0,0,0.0,0.0,0.0,0.0,2019
