,Player,Team,Age,G,GS,CG,SHO,IP,H,ER,K,BB,HR,W,L,SV,BS,HLD,ERA,WHIP,Year
0,Justin Verlander,HOU,37,34,34,2,1,223.0,137,64,300,42,36,21,6,0,0,0,2.58,0.8,2019
1,Shane Bieber,CLE,25,34,33,3,2,214.1,186,78,259,40,31,15,8,0,0,0,3.28,1.05,2019
2,Gerrit Cole,HOU,30,33,33,0,0,212.1,142,59,326,48,29,20,5,0,0,0,2.5,0.89,2019
3,Stephen Strasburg,WAS,32,33,33,0,0,209.0,161,77,251,56,24,18,6,0,0,0,3.32,1.04,2019
4,Lance Lynn,TEX,33,33,33,0,0,208.1,195,85,246,59,21,16,11,0,0,0,3.67,1.22,2019
5,Mike Minor,TEX,32,32,32,2,1,208.1,190,83,200,68,30,14,10,0,0,0,3.59,1.24,2019
6,Madison Bumgarner,SF,31,34,34,0,0,207.2,191,90,203,43,30,9,9,0,0,0,3.9,1.13,2019
7,Jacob deGrom,NYM,32,32,32,0,0,204.0,154,55,255,44,19,11,8,0,0,0,2.43,0.97,2019
8,Eduardo Rodriguez,BOS,27,34,34,0,0,203.1,195,86,213,75,24,19,6,0,0,0,3.81,1.33,2019
9,Marco Gonzales,SEA,28,34,34,0,0,203.0,210,90,147,56,23,16,13,0,0,0,3.99,1.31,2019
10,Aaron Nola,PHI,27,34,34,0,0,202.1,176,87,229,80,27,12,7,0,0,0,3.87,1.27,2019
11,Patrick Corbin,WAS,31,33,33,1,1,202.0,169,73,238,70,24,14,7,0,0,0,3.25,1.18,2019
12,Jose Berrios,MIN,26,32,32,1,0,200.1,194,82,195,51,26,14,8,0,0,0,3.68,1.22,2019
13,Noah Syndergaard,NYM,28,32,32,1,1,197.2,194,94,202,50,24,10,8,0,0,0,4.28,1.23,2019
14,Sandy Alcantara,MIA,25,32,32,2,2,197.1,179,85,151,81,23,6,14,0,0,0,3.88,1.32,2019
15,Jack Flaherty,STL,25,33,33,0,0,196.1,135,60,231,55,25,11,8,0,0,0,2.75,0.97,2019
16,Zack Wheeler,NYM,30,31,31,0,0,195.1,196,86,195,50,22,11,8,0,0,0,3.96,1.26,2019
17,Charlie Morton,TB,36,33,33,0,0,194.2,154,66,240,57,15,16,6,0,0,0,3.05,1.08,2019
18,Luis Castillo,CIN,27,32,32,0,0,190.2,139,72,226,79,22,15,8,0,0,0,3.4,1.14,2019
19,Ivan Nova,CWS,33,34,34,2,0,187.0,225,98,114,47,30,11,12,0,0,0,4.72,1.45,2019
20,Matthew Boyd,DET,29,32,32,0,0,185.1,178,94,238,50,39,9,12,0,0,0,4.56,1.23,2019
21,Mike Fiers,OAK,35,33,33,1,1,184.2,166,80,126,53,30,15,4,0,0,0,3.9,1.19,2019
22,Miles Mikolas,STL,32,32,32,1,1,184.0,193,85,144,32,27,9,14,0,0,0,4.16,1.22,2019
23,Reynaldo Lopez,CWS,26,33,33,1,0,184.0,203,110,169,65,35,10,15,0,0,0,5.38,1.46,2019
24,Merrill Kelly,ARI,32,32,32,0,0,183.1,184,90,158,57,29,13,14,0,0,0,4.42,1.31,2019
25,Hyun Jin Ryu,LAD,33,29,29,1,1,182.2,160,47,163,24,17,14,5,0,0,0,2.32,1.01,2019
26,Walker Buehler,LAD,26,30,30,2,0,182.1,153,66,215,37,20,14,4,0,0,0,3.26,1.04,2019
27,Masahiro Tanaka,NYY,32,32,31,1,1,182.0,186,90,149,40,28,11,9,0,0,0,4.45,1.24,2019
28,Jeff Samardzija,SF,35,32,32,0,0,181.1,152,71,140,49,28,11,12,0,0,0,3.52,1.11,2019
29,Yu Darvish,CHC,34,31,31,0,0,178.2,140,79,229,56,33,6,8,0,0,0,3.98,1.1,2019
30,Clayton Kershaw,LAD,32,29,28,0,0,178.1,145,60,189,41,28,16,5,0,0,0,3.03,1.04,2019
31,Kyle Hendricks,CHC,30,30,30,1,1,177.0,168,68,150,32,19,11,10,0,0,0,3.46,1.13,2019
32,Lucas Giolito,CWS,26,29,29,3,2,176.2,131,67,228,57,24,14,9,0,0,0,3.41,1.06,2019
33,Brett Anderson,OAK,32,31,31,0,0,176.0,181,76,90,49,20,13,9,0,0,0,3.89,1.31,2019
34,Sonny Gray,CIN,30,31,31,0,0,175.1,122,56,205,68,17,11,8,0,0,0,2.87,1.08,2019
35,Jakob Junis,KC,28,31,31,0,0,175.1,192,102,164,58,31,9,14,0,0,0,5.24,1.43,2019
36,Mike Soroka,ATL,23,29,29,0,0,174.2,153,52,142,41,14,13,4,0,0,0,2.68,1.11,2019
37,Dakota Hudson,STL,26,33,32,0,0,174.2,160,65,136,86,22,16,7,1,0,0,3.35,1.41,2019
38,Julio Teheran,ATL,29,33,33,0,0,174.2,148,74,162,83,22,10,11,0,0,0,3.81,1.32,2019
39,Rick Porcello,BOS,31,32,32,0,0,174.1,198,107,143,45,31,14,12,0,0,0,5.52,1.39,2019
40,Robbie Ray,ARI,29,33,33,0,0,174.1,150,84,235,84,30,12,8,0,0,0,4.34,1.34,2019
41,German Marquez,COL,25,28,28,1,1,174.0,174,92,175,35,29,12,5,0,0,0,4.76,1.2,2019
42,Max Scherzer,WAS,36,27,27,0,0,172.1,144,56,243,33,18,11,7,0,0,0,2.92,1.03,2019
43,Jon Lester,CHC,36,31,31,0,0,171.2,205,85,165,52,26,13,10,0,0,0,4.46,1.5,2019
44,Adam Wainwright,STL,39,31,31,0,0,171.2,181,80,153,64,22,14,10,0,0,0,4.19,1.43,2019
45,Jose Quintana,CHC,31,32,31,0,0,171.0,191,89,152,46,20,13,9,0,0,0,4.68,1.39,2019
46,Joe Musgrove,PIT,27,32,31,0,0,170.1,168,84,157,39,21,11,12,0,0,1,4.44,1.22,2019
47,Wade Miley,HOU,33,33,33,0,0,167.1,164,74,140,61,23,14,6,0,0,0,3.98,1.34,2019
48,Anthony DeSclafani,CIN,30,31,31,0,0,166.2,151,72,167,49,29,9,9,0,0,0,3.89,1.2,2019
49,Anibal Sanchez,WAS,36,30,30,0,0,166.0,153,71,134,58,22,11,8,0,0,0,3.85,1.27,2019
50,Max Fried,ATL,26,33,30,1,0,165.2,174,74,173,47,21,17,6,0,0,0,4.02,1.33,2019
51,Brad Keller,KC,25,28,28,0,0,165.1,154,77,122,70,15,7,14,0,0,0,4.19,1.35,2019
52,Martin Perez,MIN,29,32,29,0,0,165.1,184,94,135,67,23,10,7,0,0,0,5.12,1.52,2019
53,Joey Lucchesi,SD,27,30,30,0,0,163.2,144,76,158,56,23,10,10,0,0,0,4.18,1.22,2019
54,Zach Eflin,PHI,26,32,28,2,1,163.1,172,75,129,48,28,10,13,0,0,0,4.13,1.35,2019
0,Max Scherzer,WAS,36,33,33,2,1,220.2,150,62,300,51,23,18,7,0,0,0,2.53,0.91,2018
1,Jacob deGrom,NYM,32,32,32,1,0,217.0,152,41,269,46,10,10,9,0,0,0,1.7,0.91,2018
2,Corey Kluber,CLE,34,33,33,2,1,215.0,179,69,222,34,25,20,7,0,0,0,2.89,0.99,2018
3,Justin Verlander,HOU,37,34,34,1,1,214.0,156,60,290,37,28,16,9,0,0,0,2.52,0.9,2018
4,Aaron Nola,PHI,27,33,33,0,0,212.1,149,56,224,58,17,17,6,0,0,0,2.37,0.97,2018
5,Zack Greinke,ARI,37,33,33,0,0,207.2,181,74,199,43,28,15,11,0,0,0,3.21,1.08,2018
6,James Shields,CWS,38,34,33,0,0,204.2,190,103,154,78,34,7,16,0,0,0,4.53,1.31,2018
7,Dallas Keuchel,HOU,32,34,34,1,0,204.2,211,85,153,58,18,12,11,0,0,0,3.74,1.31,2018
8,Kyle Freeland,COL,27,33,33,0,0,202.1,182,64,173,70,17,17,7,0,0,0,2.85,1.25,2018
9,Miles Mikolas,STL,32,32,32,1,1,200.2,186,63,146,29,16,18,4,0,0,0,2.83,1.07,2018
10,Gerrit Cole,HOU,30,32,32,1,1,200.1,143,64,276,64,19,15,5,0,0,0,2.88,1.03,2018
11,Patrick Corbin,ARI,31,33,33,1,1,200.0,162,70,246,48,15,11,7,0,0,0,3.15,1.05,2018
12,Mike Clevinger,CLE,29,32,32,1,1,200.0,164,67,207,67,21,13,8,0,0,0,3.02,1.16,2018
13,Kyle Hendricks,CHC,30,33,33,0,0,199.0,184,76,161,44,22,14,11,0,0,0,3.44,1.15,2018
14,Kyle Gibson,MIN,33,32,32,0,0,196.2,177,79,179,79,23,10,13,0,0,0,3.62,1.3,2018
15,German Marquez,COL,25,33,33,0,0,196.0,179,82,230,57,24,14,11,0,0,0,3.77,1.2,2018
16,Jhoulys Chacin,MIL,32,35,35,0,0,192.2,153,75,156,71,18,15,8,0,0,0,3.5,1.16,2018
17,Jose Berrios,MIN,26,32,32,2,1,192.1,159,82,202,61,25,12,11,0,0,0,3.84,1.14,2018
18,Carlos Carrasco,CLE,33,32,30,2,0,192.0,173,72,231,43,21,17,10,0,0,0,3.38,1.13,2018
19,Rick Porcello,BOS,31,33,33,1,0,191.1,177,91,190,48,27,17,7,0,0,0,4.28,1.18,2018
20,Luis Severino,NYY,26,32,32,1,1,191.1,173,72,220,46,19,19,8,0,0,0,3.39,1.14,2018
21,Jameson Taillon,PIT,28,32,32,2,1,191.0,179,68,179,46,20,14,10,0,0,0,3.2,1.18,2018
22,Reynaldo Lopez,CWS,26,32,32,0,0,188.2,165,82,151,75,25,7,10,0,0,0,3.91,1.27,2018
23,Mike Leake,SEA,32,31,31,0,0,185.2,207,90,119,34,23,10,10,0,0,0,4.36,1.3,2018
24,Mike Foltynewicz,ATL,29,31,31,2,1,183.0,130,58,202,68,17,13,10,0,0,0,2.85,1.08,2018
25,Zack Wheeler,NYM,30,29,29,0,0,182.1,150,67,179,55,14,12,7,0,0,0,3.31,1.12,2018
26,Jon Lester,CHC,36,32,32,0,0,181.2,174,67,149,64,24,18,6,0,0,0,3.32,1.31,2018
27,Blake Snell,TB,27,31,31,0,0,180.2,112,38,221,64,16,21,5,0,0,0,1.89,0.97,2018
28,Tanner Roark,WAS,34,31,30,0,0,180.1,181,87,146,50,24,9,15,0,0,0,4.34,1.28,2018
29,Andrew Heaney,LAA,29,30,30,1,1,180.0,171,83,180,45,27,9,10,0,0,0,4.15,1.2,2018
30,Zack Godley,ARI,30,33,32,0,0,178.1,177,94,185,81,16,15,11,0,0,0,4.74,1.45,2018
31,Jakob Junis,KC,28,30,30,1,0,177.0,182,86,164,43,32,9,12,0,0,0,4.37,1.27,2018
32,Tyler Anderson,COL,30,32,32,0,0,176.0,165,89,164,59,30,7,9,0,0,0,4.55,1.27,2018
33,David Price,BOS,35,30,30,1,0,176.0,151,70,177,50,25,16,7,0,0,0,3.58,1.14,2018
34,Julio Teheran,ATL,29,31,31,0,0,175.2,122,77,162,84,26,9,9,0,0,0,3.94,1.17,2018
35,Trevor Bauer,CLE,29,28,27,0,0,175.1,134,43,221,57,9,12,6,1,0,0,2.21,1.09,2018
36,Jose Quintana,CHC,31,32,32,0,0,174.1,162,78,158,68,25,13,11,0,0,0,4.03,1.32,2018
37,Jose Urena,MIA,29,31,31,1,0,174.0,155,77,130,51,19,9,12,0,0,0,3.98,1.18,2018
38,Lucas Giolito,CWS,26,32,32,0,0,173.1,166,118,125,90,27,10,13,0,0,0,6.13,1.48,2018
39,Jake Arrieta,PHI,34,31,31,0,0,172.2,165,76,138,57,21,10,11,0,0,0,3.96,1.29,2018
40,Jon Gray,COL,29,31,31,0,0,172.1,180,98,183,52,27,12,9,0,0,0,5.12,1.35,2018
41,Dylan Bundy,BAL,27,31,31,1,0,171.2,188,104,184,54,41,8,16,0,0,0,5.45,1.41,2018
42,Derek Holland,SF,34,36,30,0,0,171.1,154,68,169,67,19,7,9,0,0,0,3.57,1.29,2018
43,Trevor Williams,PIT,28,31,31,1,1,170.2,146,59,126,55,15,14,10,0,0,0,3.11,1.18,2018
44,Matthew Boyd,DET,29,31,31,0,0,170.1,146,83,159,51,27,9,13,0,0,0,4.39,1.16,2018
45,Luis Castillo,CIN,27,31,31,0,0,169.2,158,81,165,49,28,10,12,0,0,0,4.3,1.22,2018
46,Charlie Morton,HOU,36,30,30,0,0,167.0,130,58,201,64,18,15,3,0,0,0,3.13,1.16,2018
47,Marco Gonzales,SEA,28,29,29,1,0,166.2,172,74,145,32,17,13,9,0,0,0,4.0,1.22,2018
48,Jake Odorizzi,MIN,30,32,32,0,0,164.1,151,82,162,70,20,7,10,0,0,0,4.49,1.34,2018
49,Sean Newcomb,ATL,27,31,30,0,0,164.0,137,71,160,81,18,12,9,0,0,0,3.9,1.33,2018
50,Nick Pivetta,PHI,27,33,32,0,0,164.0,163,87,188,51,24,7,14,0,0,0,4.77,1.3,2018
0,Chris Sale,BOS,31,32,32,1,0,214.1,165,69,308,43,24,17,8,0,0,0,2.9,0.97,2017
1,Ervin Santana,MIN,37,33,33,5,3,211.1,177,77,167,61,31,16,8,0,0,0,3.28,1.13,2017
2,Jeff Samardzija,SF,35,32,32,1,1,207.2,204,102,205,32,30,9,15,0,0,0,4.42,1.14,2017
3,Carlos Martinez,STL,29,32,32,2,2,205.0,179,83,217,71,27,12,11,0,0,0,3.64,1.22,2017
4,Corey Kluber,CLE,34,29,29,5,3,203.2,141,51,265,36,21,18,4,0,0,0,2.25,0.87,2017
5,Rick Porcello,BOS,31,33,33,2,0,203.1,236,105,181,48,38,11,17,0,0,0,4.65,1.4,2017
6,Gerrit Cole,PIT,30,33,33,0,0,203.0,199,96,196,55,31,12,12,0,0,0,4.26,1.25,2017
7,Zack Greinke,ARI,37,32,32,1,0,202.1,172,72,215,45,25,17,7,0,0,0,3.2,1.07,2017
8,Jacob deGrom,NYM,32,31,31,1,0,201.1,180,79,239,59,28,15,10,0,0,0,3.53,1.19,2017
9,Marcus Stroman,TOR,29,33,33,2,0,201.0,201,69,164,62,21,13,9,0,0,0,3.09,1.31,2017
10,Gio Gonzalez,WAS,35,32,32,0,0,201.0,158,66,188,79,21,15,9,0,0,0,2.96,1.18,2017
11,Chris Archer,TB,32,34,34,0,0,201.0,193,91,249,60,27,10,12,0,0,0,4.07,1.26,2017
12,Max Scherzer,WAS,36,31,31,2,0,200.2,126,56,268,55,22,16,6,0,0,0,2.51,0.9,2017
13,Carlos Carrasco,CLE,33,32,32,1,0,200.0,173,73,226,46,21,18,6,0,0,0,3.29,1.1,2017
14,Clayton Richard,SD,37,32,32,2,1,197.1,240,105,151,59,24,8,15,0,0,0,4.79,1.52,2017
15,Luis Severino,NYY,26,31,31,0,0,193.1,150,64,230,51,21,14,6,0,0,0,2.98,1.04,2017
16,Zach Davies,MIL,27,33,33,0,0,191.1,204,83,124,55,20,17,9,0,0,0,3.9,1.35,2017
17,R.A. Dickey,ATL,46,31,31,0,0,190.0,193,90,136,67,26,10,10,0,0,0,4.26,1.37,2017
18,Patrick Corbin,ARI,31,33,32,0,0,189.2,208,85,178,61,26,14,13,0,0,0,4.03,1.42,2017
19,Julio Teheran,ATL,29,32,32,0,0,188.1,186,94,151,72,31,11,13,0,0,0,4.49,1.37,2017
20,Ivan Nova,PIT,33,31,31,2,1,187.0,203,86,131,36,29,11,14,0,0,0,4.14,1.28,2017
21,Kevin Gausman,BAL,29,34,34,0,0,186.2,208,97,179,71,29,11,12,0,0,0,4.68,1.49,2017
22,Lance Lynn,STL,33,33,33,0,0,186.1,151,71,153,78,27,11,8,0,0,0,3.43,1.23,2017
23,Marco Estrada,TOR,37,33,33,0,0,186.0,186,103,176,71,31,10,9,0,0,0,4.98,1.38,2017
24,Martin Perez,TEX,29,32,32,0,0,185.0,221,99,115,63,23,13,12,0,0,0,4.82,1.54,2017
25,Dan Straily,MIA,31,33,33,0,0,181.2,176,86,170,60,31,10,9,0,0,0,4.26,1.3,2017
26,Tanner Roark,WAS,34,32,30,0,0,181.1,178,94,166,64,23,13,11,0,0,0,4.67,1.33,2017
27,Ricky Nolasco,LAA,37,33,33,1,1,181.0,205,99,143,58,35,6,15,0,0,0,4.92,1.45,2017
28,Jon Lester,CHC,36,32,32,1,0,180.2,179,87,180,60,26,13,8,0,0,0,4.33,1.32,2017
29,Jason Hammel,KC,38,32,32,0,0,180.1,209,106,145,48,26,8,13,0,0,0,5.29,1.43,2017
30,Jhoulys Chacin,SD,32,32,32,0,0,180.1,157,78,153,72,19,13,10,0,0,0,3.89,1.27,2017
31,Jason Vargas,KC,37,32,32,1,1,179.2,181,83,134,58,27,18,11,0,0,0,4.16,1.33,2017
32,Alex Cobb,TB,33,29,29,0,0,179.1,175,73,128,44,22,12,10,0,0,0,3.66,1.22,2017
33,Masahiro Tanaka,NYY,32,30,30,1,1,178.1,180,94,194,41,35,13,12,0,0,0,4.74,1.24,2017
34,Trevor Bauer,CLE,29,32,31,0,0,176.1,181,82,196,60,25,17,9,0,0,0,4.19,1.37,2017
35,Stephen Strasburg,WAS,32,28,28,1,1,175.1,131,49,204,47,13,15,4,0,0,0,2.52,1.02,2017
36,Jimmy Nelson,MIL,31,29,29,1,0,175.1,171,68,199,48,16,12,6,0,0,0,3.49,1.25,2017
37,Clayton Kershaw,LAD,32,27,27,1,0,175.0,136,45,202,30,23,18,4,0,0,0,2.31,0.95,2017
38,Matt Moore,SF,31,32,31,0,0,174.1,200,107,148,67,27,6,15,0,0,0,5.52,1.53,2017
39,Drew Pomeranz,BOS,31,32,32,0,0,173.2,166,64,174,69,19,17,6,0,0,0,3.32,1.35,2017
40,Justin Verlander,DET,37,28,28,0,0,172.0,153,73,176,67,23,10,8,0,0,0,3.82,1.28,2017
41,John Lackey,CHC,42,31,30,0,0,170.2,165,87,149,53,36,12,12,0,0,0,4.59,1.28,2017
42,Dylan Bundy,BAL,27,28,28,1,1,169.2,152,80,152,51,26,13,9,0,0,0,4.24,1.2,2017
43,Jose Urena,MIA,29,34,28,0,0,169.2,152,72,113,64,26,14,7,0,0,0,3.82,1.27,2017
44,Jake Arrieta,CHC,34,30,30,0,0,168.1,150,66,163,55,23,14,10,0,0,0,3.53,1.22,2017
45,Aaron Nola,PHI,27,27,27,0,0,168.0,154,66,184,49,18,12,11,0,0,0,3.54,1.21,2017
46,Andrew Cashner,TEX,34,28,28,0,0,166.2,156,63,86,64,15,11,11,0,0,0,3.4,1.32,2017
47,Michael Wacha,STL,29,30,30,1,1,165.2,170,76,158,55,17,12,9,0,0,0,4.13,1.36,2017
48,Michael Fulmer,DET,27,25,25,1,0,164.2,150,70,114,40,13,10,12,0,0,0,3.83,1.15,2017
49,Ty Blach,SF,30,34,24,1,1,163.2,179,87,73,43,17,8,12,0,0,0,4.78,1.36,2017
50,Luis Perdomo,SD,27,29,29,0,0,163.2,182,85,118,65,17,8,11,0,0,0,4.67,1.51,2017
0,David Price,BOS,35,35,35,2,0,230.0,227,102,228,50,30,17,9,0,0,0,3.99,1.2,2016
1,Max Scherzer,WAS,36,34,34,1,0,228.1,165,75,284,56,31,20,7,0,0,0,2.96,0.97,2016
2,Justin Verlander,DET,37,34,34,2,0,227.2,171,77,254,57,30,16,9,0,0,0,3.04,1.0,2016
3,Madison Bumgarner,SF,31,34,34,4,1,226.2,179,69,251,54,26,15,9,0,0,0,2.74,1.03,2016
4,Chris Sale,CWS,31,32,32,6,1,226.2,190,84,233,45,27,17,10,0,0,0,3.34,1.04,2016
5,Rick Porcello,BOS,31,33,33,3,0,223.0,193,78,189,32,23,22,4,0,0,0,3.15,1.01,2016
6,Johnny Cueto,SF,34,32,32,5,2,219.2,195,68,198,45,15,18,5,0,0,0,2.79,1.09,2016
7,Corey Kluber,CLE,34,32,32,3,2,215.0,170,75,227,57,22,18,9,0,0,0,3.14,1.06,2016
8,Tanner Roark,WAS,34,34,33,0,0,210.0,173,66,172,73,17,16,10,0,0,1,2.83,1.17,2016
9,Jose Quintana,CWS,31,32,32,0,0,208.0,192,74,181,50,22,13,12,0,0,0,3.2,1.16,2016
10,Marcus Stroman,TOR,29,32,32,0,0,204.0,209,99,166,54,21,9,10,0,0,0,4.37,1.29,2016
11,Jeff Samardzija,SF,35,32,32,1,0,203.1,190,86,167,54,24,12,11,0,0,0,3.81,1.2,2016
12,Jon Lester,CHC,36,32,32,2,0,202.2,154,55,197,52,21,19,5,0,0,0,2.44,1.02,2016
13,Chris Archer,TB,32,33,33,0,0,201.1,183,90,233,67,30,9,19,0,0,0,4.02,1.24,2016
14,Cole Hamels,TEX,36,32,32,0,0,200.2,185,74,200,77,24,15,5,0,0,0,3.32,1.31,2016
15,Masahiro Tanaka,NYY,32,31,31,0,0,199.2,179,68,165,36,22,14,4,0,0,0,3.07,1.08,2016
16,Hisashi Iwakuma,SEA,38,33,33,0,0,199.0,218,91,147,46,28,16,12,0,0,0,4.12,1.33,2016
17,Adam Wainwright,STL,39,33,33,1,1,198.2,220,102,161,59,22,13,9,0,0,0,4.62,1.4,2016
18,Martin Perez,TEX,29,33,33,0,0,198.2,205,97,103,76,18,10,11,0,0,0,4.39,1.41,2016
19,Jake Arrieta,CHC,34,31,31,1,1,197.1,138,68,190,76,16,18,8,0,0,0,3.1,1.08,2016
20,Jerad Eickhoff,PHI,30,33,33,0,0,197.1,187,80,167,42,30,11,14,0,0,0,3.65,1.16,2016
21,Ian Kennedy,KC,35,33,33,0,0,195.2,173,80,184,66,33,11,11,0,0,0,3.68,1.22,2016
22,Carlos Martinez,STL,29,31,31,0,0,195.1,169,66,174,70,15,16,9,0,0,0,3.04,1.22,2016
23,J.A. Happ,TOR,38,32,32,0,0,195.0,168,69,163,60,22,20,4,0,0,0,3.18,1.17,2016
24,Aaron Sanchez,TOR,28,30,30,0,0,192.0,161,64,161,63,15,15,2,0,0,0,3.0,1.17,2016
25,Bartolo Colon,NYM,47,34,33,0,0,191.2,200,73,128,32,24,15,8,0,0,0,3.43,1.21,2016
26,Dan Straily,CIN,31,34,31,0,0,191.1,154,80,162,73,31,14,8,0,0,0,3.76,1.19,2016
27,Trevor Bauer,CLE,29,35,28,1,0,190.0,179,90,168,70,20,12,8,0,0,0,4.26,1.31,2016
28,Kyle Hendricks,CHC,30,31,30,2,1,190.0,142,45,170,44,15,16,8,0,0,0,2.13,0.98,2016
29,Edinson Volquez,KC,37,34,34,0,0,189.1,217,113,139,76,23,10,11,0,0,0,5.37,1.55,2016
30,Jeremy Hellickson,PHI,33,32,32,1,1,189.0,173,78,154,45,24,12,10,0,0,0,3.71,1.15,2016
31,John Lackey,CHC,42,29,29,0,0,188.1,146,70,180,53,23,11,8,0,0,0,3.35,1.06,2016
32,Julio Teheran,ATL,29,30,30,1,1,188.0,157,67,167,41,22,7,10,0,0,0,3.21,1.05,2016
33,Jake Odorizzi,TB,30,33,33,0,0,187.2,170,77,166,54,29,10,6,0,0,0,3.69,1.19,2016
34,Kendall Graveman,OAK,29,31,31,2,1,186.0,196,85,108,47,22,10,11,0,0,0,4.11,1.31,2016
35,Yordano Ventura,KC,29,32,32,2,0,186.0,190,92,144,78,23,11,12,0,0,0,4.45,1.44,2016
36,Chad Bettis,COL,31,32,32,1,1,186.0,204,99,138,59,22,14,8,0,0,0,4.79,1.41,2016
37,Collin McHugh,HOU,33,33,33,1,0,184.2,206,89,177,54,25,13,10,0,0,0,4.34,1.41,2016
38,Noah Syndergaard,NYM,28,31,30,0,0,183.2,168,53,218,43,11,14,9,0,0,1,2.6,1.15,2016
39,Jose Fernandez,MIA,28,29,29,0,0,182.1,149,58,253,55,13,16,8,0,0,0,2.86,1.12,2016
40,Ervin Santana,MIN,37,30,30,2,1,181.1,168,68,149,53,19,7,11,0,0,0,3.38,1.22,2016
41,Doug Fister,HOU,36,32,32,0,0,180.1,195,93,115,62,24,12,13,0,0,0,4.64,1.43,2016
42,Kevin Gausman,BAL,29,30,30,0,0,179.2,183,72,174,47,28,9,12,0,0,0,3.61,1.28,2016
43,CC Sabathia,NYY,40,30,30,0,0,179.2,172,78,152,65,22,9,12,0,0,0,3.91,1.32,2016
44,Danny Duffy,KC,31,42,26,1,0,179.2,163,70,188,42,27,12,3,0,0,1,3.51,1.14,2016
45,Jimmy Nelson,MIL,31,32,32,0,0,179.1,186,92,140,86,25,8,16,0,0,0,4.62,1.52,2016
46,Jered Weaver,LAA,38,31,31,1,1,178.0,209,100,103,51,37,12,12,0,0,0,5.06,1.46,2016
47,Gio Gonzalez,WAS,35,32,32,0,0,177.1,179,90,171,59,19,11,11,0,0,0,4.57,1.34,2016
48,Mike Leake,STL,32,30,30,0,0,176.2,203,92,125,30,20,9,12,0,0,0,4.69,1.32,2016
49,Tom Koehler,MIA,34,33,33,0,0,176.2,176,85,147,83,22,9,13,0,0,0,4.33,1.47,2016
50,Marco Estrada,TOR,37,29,29,0,0,176.0,132,68,165,65,23,9,9,0,0,0,3.48,1.12,2016
51,Michael Pineda,NYY,31,32,32,0,0,175.2,184,94,207,53,27,6,12,0,0,0,4.82,1.35,2016
52,Kenta Maeda,LAD,32,32,32,0,0,175.2,150,68,179,50,20,16,11,0,0,0,3.48,1.14,2016
53,Drew Smyly,TB,31,30,30,0,0,175.1,174,95,167,49,32,7,12,0,0,0,4.88,1.27,2016
54,Robbie Ray,ARI,29,32,32,0,0,174.1,185,95,218,71,24,8,15,0,0,0,4.9,1.47,2016
55,Josh Tomlin,CLE,36,30,29,0,0,174.0,187,85,118,20,36,13,9,0,0,0,4.4,1.19,2016
56,Chris Tillman,BAL,32,30,30,0,0,172.0,155,72,140,66,19,16,6,0,0,0,3.77,1.28,2016
57,Brandon Finnegan,CIN,27,31,31,1,0,172.0,150,76,145,84,29,10,11,0,0,0,3.98,1.36,2016
58,Jaime Garcia,STL,34,32,30,1,1,171.2,179,89,150,57,26,10,13,0,0,0,4.67,1.37,2016
59,R.A. Dickey,TOR,46,30,29,0,0,169.2,169,84,126,63,28,10,15,0,0,0,4.46,1.37,2016
60,Mike Fiers,HOU,35,31,30,0,0,168.2,187,84,134,42,26,11,8,0,0,0,4.48,1.36,2016
61,Dallas Keuchel,HOU,32,26,26,1,1,168.0,168,85,144,48,20,9,12,0,0,0,4.55,1.29,2016
62,Jon Gray,COL,29,29,29,1,1,168.0,153,86,185,59,18,10,10,0,0,0,4.61,1.26,2016
63,Jason Hammel,CHC,38,30,30,0,0,166.2,148,71,144,53,25,15,10,0,0,0,3.83,1.21,2016
64,Carlos Rodon,CWS,27,28,28,0,0,165.0,176,74,168,54,23,9,10,0,0,0,4.04,1.39,2016
65,Zach Davies,MIL,27,28,28,0,0,163.1,166,72,135,38,20,11,7,0,0,0,3.97,1.25,2016
0,Clayton Kershaw,LAD,32,33,33,4,3,232.2,163,55,301,42,15,16,7,0,0,0,2.13,0.88,2015
1,Dallas Keuchel,HOU,32,33,33,3,2,232.0,185,64,216,51,17,20,8,0,0,0,2.48,1.02,2015
2,Jake Arrieta,CHC,34,33,33,4,3,229.0,150,45,236,48,10,22,6,0,0,0,1.77,0.86,2015
3,Max Scherzer,WAS,36,33,33,4,3,228.2,176,71,276,34,27,14,12,0,0,0,2.79,0.92,2015
4,Zack Greinke,LAD,37,32,32,1,0,222.2,148,41,200,40,14,19,3,0,0,0,1.66,0.84,2015
5,Corey Kluber,CLE,34,32,32,4,0,222.0,189,86,245,45,22,9,16,0,0,0,3.49,1.05,2015
6,Madison Bumgarner,SF,31,32,32,4,2,218.1,181,71,234,39,21,18,9,0,0,0,2.93,1.01,2015
7,John Lackey,STL,42,33,33,1,0,218.0,211,67,175,53,21,13,10,0,0,0,2.77,1.21,2015
8,R.A. Dickey,TOR,46,33,33,2,0,214.1,195,93,126,61,25,11,11,0,0,0,3.91,1.19,2015
9,Jeff Samardzija,CWS,35,32,32,2,2,214.0,228,118,163,49,29,11,13,0,0,0,4.96,1.29,2015
10,Chris Archer,TB,32,34,34,1,1,212.0,175,76,252,66,19,12,13,0,0,0,3.23,1.14,2015
11,Chris Sale,CWS,31,31,31,1,0,208.2,185,79,274,42,23,13,11,0,0,0,3.41,1.09,2015
12,Gerrit Cole,PIT,30,32,32,0,0,208.0,183,60,202,44,11,19,8,0,0,0,2.6,1.09,2015
13,Sonny Gray,OAK,30,31,31,3,2,208.0,166,63,169,59,17,14,7,0,0,0,2.73,1.08,2015
14,Garrett Richards,LAA,32,32,32,1,1,207.1,181,84,176,76,20,15,12,0,0,0,3.65,1.24,2015
15,Jose Quintana,CWS,31,32,32,1,1,206.1,218,77,177,44,16,9,10,0,0,0,3.36,1.27,2015
16,Shelby Miller,ATL,30,33,33,2,2,205.1,183,69,171,73,13,6,17,0,0,0,3.02,1.25,2015
17,Jon Lester,CHC,36,32,32,1,0,205.0,183,76,207,47,16,11,12,0,0,0,3.34,1.12,2015
18,Colby Lewis,TEX,41,33,33,2,1,204.2,211,106,142,42,26,17,9,0,0,0,4.66,1.24,2015
19,Collin McHugh,HOU,33,32,32,0,0,203.2,207,88,171,53,19,19,7,0,0,0,3.89,1.28,2015
20,James Shields,SD,38,33,33,0,0,202.1,189,88,216,81,33,13,7,0,0,0,3.91,1.33,2015
21,Jordan Zimmermann,WAS,34,33,33,0,0,201.2,204,82,164,39,24,13,10,0,0,0,3.66,1.2,2015
22,Felix Hernandez,SEA,34,31,31,2,2,201.2,180,79,191,58,23,18,9,0,0,0,3.53,1.18,2015
23,Julio Teheran,ATL,29,33,33,0,0,200.2,189,90,171,73,27,11,8,0,0,0,4.04,1.31,2015
24,Edinson Volquez,KC,37,34,33,1,0,200.1,190,79,155,72,16,13,9,0,0,0,3.55,1.31,2015
25,Mark Buehrle,TOR,41,32,32,4,1,198.2,214,84,91,33,22,15,8,0,0,0,3.81,1.24,2015
26,Tyson Ross,SD,33,33,33,1,0,196.0,172,71,212,84,9,10,12,0,0,0,3.26,1.31,2015
27,Kyle Gibson,MIN,33,32,32,1,0,194.2,186,83,145,65,18,11,11,0,0,0,3.84,1.29,2015
28,Bartolo Colon,NYM,47,33,31,1,1,194.2,217,90,136,24,25,14,13,0,0,0,4.16,1.24,2015
29,Wade Miley,BOS,33,32,32,1,0,193.2,201,96,147,64,17,11,11,0,0,0,4.46,1.37,2015
30,Wei-Yin Chen,BAL,35,31,31,0,0,191.1,192,71,153,41,28,11,8,0,0,0,3.34,1.22,2015
31,Jacob deGrom,NYM,32,30,30,0,0,191.0,149,54,205,38,16,14,8,0,0,0,2.54,0.98,2015
32,Matt Harvey,NYM,31,29,29,0,0,189.1,156,57,188,37,18,13,8,0,0,0,2.71,1.02,2015
33,Rubby De La Rosa,ARI,31,32,32,0,0,188.2,193,98,150,63,32,14,9,0,0,0,4.67,1.36,2015
34,Tom Koehler,MIA,34,32,31,0,0,187.1,180,85,137,77,22,11,14,0,0,0,4.08,1.37,2015
35,Alfredo Simon,DET,39,31,31,2,1,187.0,201,105,117,68,24,13,12,0,0,0,5.05,1.44,2015
36,Francisco Liriano,PIT,37,31,31,0,0,186.2,155,70,205,70,15,12,7,0,0,0,3.38,1.21,2015
37,Danny Salazar,CLE,30,30,30,0,0,185.0,156,71,195,53,23,14,10,0,0,0,3.45,1.13,2015
38,Anthony DeSclafani,CIN,30,31,31,0,0,184.2,194,83,151,55,17,9,13,0,0,0,4.05,1.35,2015
39,Andrew Cashner,SD,34,31,31,0,0,184.2,200,89,165,66,19,6,16,0,0,0,4.34,1.44,2015
40,Yovani Gallardo,TEX,34,33,33,0,0,184.1,193,70,121,68,15,13,11,0,0,0,3.42,1.42,2015
41,Ubaldo Jimenez,BAL,36,32,32,0,0,184.0,182,84,168,68,20,12,10,0,0,0,4.11,1.36,2015
42,Carlos Carrasco,CLE,33,30,30,3,1,183.2,154,74,216,43,18,14,12,0,0,0,3.63,1.07,2015
43,Michael Wacha,STL,29,30,30,0,0,181.1,162,68,153,58,19,17,7,0,0,0,3.38,1.21,2015
44,Marco Estrada,TOR,37,34,28,0,0,181.0,134,63,131,55,24,13,8,0,0,0,3.13,1.04,2015
45,Hector Santiago,LAA,32,33,32,0,0,180.2,156,72,162,71,29,9,9,0,0,0,3.59,1.26,2015
46,Brett Anderson,LAD,32,31,31,1,0,180.1,194,74,116,46,18,10,9,0,0,0,3.69,1.33,2015
47,Kyle Hendricks,CHC,30,32,32,1,1,180.0,166,79,167,43,17,8,7,0,0,0,3.95,1.16,2015
48,Carlos Martinez,STL,29,31,29,0,0,179.2,168,60,184,63,13,14,7,0,0,1,3.01,1.29,2015
49,Chris Heston,SF,32,31,31,2,1,177.2,169,78,141,64,16,12,11,0,0,0,3.95,1.31,2015
50,John Danks,CWS,35,30,30,2,1,177.2,195,93,124,56,24,7,15,0,0,0,4.71,1.41,2015
51,Jimmy Nelson,MIL,31,30,30,0,0,177.1,163,81,148,65,18,11,13,0,0,0,4.11,1.29,2015
52,Jon Niese,NYM,34,33,29,0,0,176.2,192,81,113,55,20,9,10,0,0,0,4.13,1.4,2015
53,Trevor Bauer,CLE,29,31,30,1,0,176.0,152,89,170,79,23,11,12,0,0,0,4.55,1.31,2015
54,Gio Gonzalez,WAS,35,31,31,0,0,175.2,181,74,169,69,8,11,8,0,0,0,3.79,1.42,2015
55,Lance Lynn,STL,33,31,31,0,0,175.1,172,59,167,68,13,12,11,0,0,0,3.03,1.37,2015
56,Chris Tillman,BAL,32,31,31,0,0,173.0,176,96,120,64,20,11,11,0,0,0,4.99,1.39,2015
57,Aaron Harang,PHI,42,29,29,0,0,172.1,189,93,108,51,26,6,15,0,0,0,4.86,1.39,2015
58,Rick Porcello,BOS,31,28,28,0,0,172.0,196,94,149,38,25,9,15,0,0,0,4.92,1.36,2015
59,Jason Hammel,CHC,38,31,31,0,0,170.2,158,71,172,40,23,10,7,0,0,0,3.74,1.16,2015
60,Taijuan Walker,SEA,28,29,29,1,0,169.2,163,86,157,40,25,11,8,0,0,0,4.56,1.2,2015
61,Jake Odorizzi,TB,30,28,28,0,0,169.1,149,63,150,46,18,9,9,0,0,0,3.35,1.15,2015
62,Ian Kennedy,SD,35,30,30,0,0,168.1,166,80,174,52,31,9,15,0,0,0,4.28,1.3,2015
63,Jeff Locke,PIT,32,30,30,0,0,168.1,179,84,129,60,15,8,11,0,0,0,4.49,1.42,2015
64,CC Sabathia,NYY,40,29,29,1,0,167.1,188,88,137,50,28,6,10,0,0,0,4.73,1.42,2015
65,Mike Pelfrey,MIN,36,30,30,0,0,164.2,198,78,86,45,11,6,11,0,0,0,4.26,1.48,2015
66,A.J. Burnett,PIT,43,26,26,0,0,164.0,174,58,143,49,11,9,7,0,0,0,3.18,1.36,2015
67,Erasmo Ramirez,TB,30,34,27,0,0,163.1,145,68,126,40,16,11,6,0,0,0,3.75,1.13,2015
68,Yordano Ventura,KC,29,28,28,0,0,163.1,154,74,156,58,14,13,8,0,0,0,4.08,1.3,2015
0,Johnny Cueto,CIN,34,34,34,4,2,243.2,169,61,242,65,22,20,9,0,0,0,2.25,0.96,2014
1,Felix Hernandez,SEA,34,34,34,0,0,236.0,170,56,248,46,16,15,6,0,0,0,2.14,0.92,2014
2,Corey Kluber,CLE,34,34,34,3,1,235.2,207,64,269,51,14,18,9,0,0,0,2.44,1.09,2014
3,Adam Wainwright,STL,39,32,32,5,3,227.0,184,60,179,50,10,20,9,0,0,0,2.38,1.03,2014
4,James Shields,KC,38,34,34,1,1,227.0,224,81,180,44,23,14,8,0,0,0,3.21,1.18,2014
5,Julio Teheran,ATL,29,33,33,4,2,221.0,188,71,186,51,22,14,13,0,0,0,2.89,1.08,2014
6,Max Scherzer,DET,36,33,33,1,1,220.1,196,77,252,63,18,18,5,0,0,0,3.15,1.18,2014
7,Sonny Gray,OAK,30,33,33,2,2,219.0,187,75,183,74,15,14,10,0,0,0,3.08,1.19,2014
8,Madison Bumgarner,SF,31,33,33,4,2,217.1,194,72,219,43,21,18,10,0,0,0,2.98,1.09,2014
9,R.A. Dickey,TOR,46,34,34,1,0,215.2,191,89,173,74,26,14,13,0,0,0,3.71,1.23,2014
10,Stephen Strasburg,WAS,32,34,34,0,0,215.0,198,75,242,43,23,14,11,0,0,0,3.14,1.12,2014
11,Mike Leake,CIN,32,33,33,0,0,214.1,217,88,164,50,23,11,13,0,0,0,3.7,1.25,2014
12,A.J. Burnett,PHI,43,34,34,1,0,213.2,205,109,190,96,20,8,18,0,0,0,4.59,1.41,2014
13,Jered Weaver,LAA,38,34,34,1,0,213.1,193,85,169,65,27,18,9,0,0,0,3.59,1.21,2014
14,Phil Hughes,MIN,34,32,32,1,0,209.2,221,82,186,16,16,16,10,0,0,0,3.52,1.13,2014
15,Chris Tillman,BAL,32,34,34,1,1,207.1,189,77,150,66,21,13,6,0,0,0,3.34,1.23,2014
16,Justin Verlander,DET,37,32,32,0,0,206.0,223,104,159,65,18,15,12,0,0,0,4.54,1.4,2014
17,Cole Hamels,PHI,36,30,30,0,0,204.2,176,56,198,59,14,9,9,0,0,0,2.46,1.15,2014
18,Rick Porcello,DET,31,32,31,3,3,204.2,211,78,129,41,18,15,13,0,0,0,3.43,1.23,2014
19,Aaron Harang,ATL,42,33,33,0,0,204.1,215,81,161,71,15,12,12,0,0,0,3.57,1.4,2014
20,Lance Lynn,STL,33,33,33,2,1,203.2,185,62,181,72,13,15,10,0,0,0,2.74,1.26,2014
21,Jeremy Guthrie,KC,41,32,32,1,0,202.2,215,93,124,49,23,13,11,0,0,0,4.13,1.3,2014
22,Bartolo Colon,NYM,47,31,31,0,0,202.1,218,92,151,30,22,15,13,0,0,0,4.09,1.23,2014
23,Zack Greinke,LAD,37,32,32,0,0,202.1,190,61,207,43,19,17,8,0,0,0,2.71,1.15,2014
24,Mark Buehrle,TOR,41,32,32,0,0,202.0,228,76,119,46,15,13,10,0,0,0,3.39,1.36,2014
25,Wade Miley,ARI,33,33,33,0,0,201.1,207,97,183,75,23,8,12,0,0,0,4.34,1.4,2014
26,Ian Kennedy,SD,35,33,33,0,0,201.0,189,81,207,70,16,13,13,0,0,0,3.63,1.29,2014
27,Jose Quintana,CWS,31,32,32,0,0,200.1,197,74,178,52,10,9,11,0,0,0,3.32,1.24,2014
28,Dallas Keuchel,HOU,32,29,29,5,1,200.0,187,65,146,48,11,12,9,0,0,0,2.93,1.18,2014
29,Nathan Eovaldi,MIA,30,33,33,0,0,199.2,223,97,142,43,14,6,14,0,0,0,4.37,1.33,2014
30,Jordan Zimmermann,WAS,34,32,32,3,2,199.2,185,59,182,29,13,14,5,0,0,0,2.66,1.07,2014
31,Hiroki Kuroda,NYY,45,32,32,0,0,199.0,191,82,146,35,20,11,9,0,0,0,3.71,1.14,2014
32,Kyle Kendrick,PHI,36,32,32,0,0,199.0,214,102,121,57,25,10,13,0,0,0,4.61,1.36,2014
33,Wily Peralta,MIL,31,32,32,0,0,198.2,198,78,154,61,23,17,11,0,0,0,3.53,1.3,2014
34,Tanner Roark,WAS,34,31,31,1,1,198.2,178,63,138,39,16,15,10,0,0,0,2.85,1.09,2014
35,Clayton Kershaw,LAD,32,27,27,6,2,198.1,139,39,239,31,9,21,3,0,0,0,1.77,0.86,2014
36,Kyle Lohse,MIL,42,31,31,2,2,198.1,183,78,141,45,22,13,9,0,0,0,3.54,1.15,2014
37,Alfredo Simon,CIN,39,32,32,0,0,196.1,181,75,127,56,22,15,10,0,0,0,3.44,1.21,2014
38,Ervin Santana,ATL,37,31,31,0,0,196.0,193,86,179,63,16,14,10,0,0,0,3.95,1.31,2014
39,Tyson Ross,SD,33,31,31,2,1,195.2,165,61,195,72,13,13,14,0,0,0,2.81,1.21,2014
40,Chris Archer,TB,32,32,32,0,0,194.2,177,72,173,72,12,10,9,0,0,0,3.33,1.28,2014
41,John Danks,CWS,35,32,32,0,0,193.2,205,102,129,74,25,11,11,0,0,0,4.74,1.44,2014
42,Edinson Volquez,PIT,37,32,31,1,0,192.2,166,65,140,71,17,13,7,0,0,0,3.04,1.23,2014
43,Yovani Gallardo,MIL,34,32,32,0,0,192.1,195,75,146,54,21,8,11,0,0,0,3.51,1.29,2014
44,Tom Koehler,MIA,34,32,32,0,0,191.1,177,81,153,71,16,10,10,0,0,0,3.81,1.3,2014
45,Scott Kazmir,OAK,36,32,32,2,0,190.1,171,75,164,50,16,15,9,0,0,0,3.55,1.16,2014
46,Tim Hudson,SF,45,31,31,1,0,189.1,199,75,120,34,15,9,13,0,0,0,3.57,1.23,2014
47,Jon Niese,NYM,34,30,30,0,0,187.2,193,71,138,45,17,9,11,0,0,0,3.4,1.27,2014
48,Henderson Alvarez,MIA,30,30,30,3,3,187.0,198,55,111,33,14,12,7,0,0,0,2.65,1.24,2014
49,Jason Vargas,KC,37,30,30,1,1,187.0,197,77,128,41,19,11,10,0,0,0,3.71,1.27,2014
50,Dan Haren,LAD,40,32,32,0,0,186.0,183,83,145,36,27,13,11,0,0,0,4.02,1.18,2014
51,Wei-Yin Chen,BAL,35,31,31,0,0,185.2,193,73,136,35,23,16,6,0,0,0,3.54,1.23,2014
52,Zack Wheeler,NYM,30,32,32,1,1,185.1,167,73,187,79,14,11,11,0,0,0,3.54,1.33,2014
53,Drew Hutchison,TOR,30,32,32,1,1,184.2,173,92,184,60,23,11,13,0,0,0,4.48,1.26,2014
54,Ryan Vogelsong,SF,43,32,32,1,0,184.2,178,82,151,58,18,8,13,0,0,0,4.0,1.28,2014
55,Jorge De La Rosa,COL,39,32,32,0,0,184.1,161,84,139,67,21,14,11,0,0,0,4.1,1.24,2014
56,Shelby Miller,STL,30,32,31,1,1,183.0,160,76,127,73,22,10,9,0,0,0,3.74,1.27,2014
57,Yordano Ventura,KC,29,31,30,0,0,183.0,168,65,159,69,14,14,10,0,0,0,3.2,1.3,2014
58,Scott Feldman,HOU,37,29,29,2,1,180.1,185,75,107,50,16,8,12,0,0,0,3.74,1.3,2014
59,Kyle Gibson,MIN,33,31,31,0,0,179.1,178,89,107,57,12,13,12,0,0,0,4.47,1.31,2014
60,Josh Collmenter,ARI,34,33,28,1,1,179.1,163,69,115,39,18,11,9,1,0,0,3.46,1.13,2014
61,Hisashi Iwakuma,SEA,38,28,28,0,0,179.0,167,70,154,21,20,15,9,0,0,0,3.52,1.05,2014
62,Eric Stults,SD,40,32,32,0,0,176.0,197,84,111,45,26,8,17,0,0,0,4.3,1.38,2014
63,C.J. Wilson,LAA,39,31,31,1,1,175.2,169,88,151,85,17,13,10,0,0,0,4.51,1.45,2014
64,Chris Sale,CWS,31,26,26,2,0,174.0,129,42,208,39,13,12,4,0,0,0,2.17,0.97,2014
65,Travis Wood,CHC,33,31,31,0,0,173.2,190,97,146,76,20,8,13,0,0,0,5.03,1.53,2014
66,Alex Wood,ATL,29,35,24,1,0,171.2,151,53,170,45,16,11,11,0,0,2,2.78,1.14,2014
67,David Price,TB,35,23,23,2,0,170.2,156,59,189,23,20,11,8,0,0,0,3.11,1.05,2014
68,Clay Buchholz,BOS,36,28,28,2,2,170.1,182,101,132,54,17,8,11,0,0,0,5.34,1.39,2014
69,Colby Lewis,TEX,41,29,29,2,1,170.1,211,98,133,48,25,10,14,0,0,0,5.18,1.52,2014
70,Garrett Richards,LAA,32,26,26,1,1,168.2,124,49,164,51,5,13,4,0,0,0,2.61,1.04,2014
71,Jake Odorizzi,TB,30,31,31,0,0,168.0,156,77,174,59,20,11,13,0,0,0,4.13,1.28,2014
72,Alex Cobb,TB,33,27,27,0,0,166.1,142,53,149,47,11,10,9,0,0,0,2.87,1.14,2014
73,Hector Noesi,CWS,33,28,27,1,0,166.0,167,81,117,54,27,8,11,0,0,0,4.39,1.33,2014
74,Bud Norris,BAL,35,28,28,0,0,165.1,149,67,139,52,20,15,8,0,0,0,3.65,1.22,2014
75,Chris Young,SEA,41,30,29,0,0,165.0,143,67,108,60,26,12,9,0,0,0,3.65,1.23,2014
76,Doug Fister,WAS,36,25,25,1,1,164.0,153,44,98,24,18,16,6,0,0,0,2.41,1.08,2014
77,Roenis Elias,SEA,32,29,29,1,1,163.2,151,70,143,64,16,10,12,0,0,0,3.85,1.31,2014
78,Matt Garza,MIL,36,27,27,1,1,163.1,143,66,126,50,12,8,8,0,0,0,3.64,1.18,2014
79,Francisco Liriano,PIT,37,29,29,0,0,162.1,130,61,175,81,13,7,10,0,0,0,3.38,1.3,2014
0,Adam Wainwright,STL,39,34,34,5,2,241.2,223,79,219,35,15,19,9,0,0,0,2.94,1.07,2013
1,Clayton Kershaw,LAD,32,33,33,3,2,236.0,164,48,232,52,11,16,9,0,0,0,1.83,0.92,2013
2,James Shields,KC,38,34,34,2,0,228.2,215,80,196,68,20,13,9,0,0,0,3.15,1.24,2013
3,R.A. Dickey,TOR,46,34,34,3,1,224.2,207,105,177,71,35,14,13,0,0,0,4.21,1.24,2013
4,Cliff Lee,PHI,42,31,31,2,1,222.2,193,71,222,32,22,14,8,0,0,0,2.87,1.01,2013
5,Cole Hamels,PHI,36,33,33,1,0,220.0,205,88,202,50,21,8,14,0,0,0,3.6,1.16,2013
6,Hisashi Iwakuma,SEA,38,33,33,0,0,219.2,179,65,185,42,25,14,6,0,0,0,2.66,1.01,2013
7,Justin Verlander,DET,37,34,34,0,0,218.1,212,84,217,75,19,13,12,0,0,0,3.46,1.31,2013
8,Chris Sale,CWS,31,30,30,4,1,214.1,184,73,226,46,23,11,14,0,0,0,3.07,1.07,2013
9,Max Scherzer,DET,36,32,32,0,0,214.1,152,69,240,56,18,21,3,0,0,0,2.9,0.97,2013
10,Jeff Samardzija,CHC,35,33,33,2,1,213.2,210,103,214,78,25,8,13,0,0,0,4.34,1.35,2013
11,Jordan Zimmermann,WAS,34,32,32,4,2,213.1,192,77,161,40,19,19,9,0,0,0,3.25,1.09,2013
12,Jon Lester,BOS,36,33,33,1,1,213.1,209,89,177,67,19,15,8,0,0,0,3.75,1.29,2013
13,Derek Holland,TEX,34,33,33,2,2,213.0,210,81,189,64,20,10,9,0,0,0,3.42,1.29,2013
14,C.J. Wilson,LAA,39,33,33,0,0,212.1,200,80,188,85,15,17,7,0,0,0,3.39,1.34,2013
15,Jeremy Guthrie,KC,41,33,33,3,2,211.2,236,95,111,59,30,15,12,0,0,0,4.04,1.39,2013
16,CC Sabathia,NYY,40,32,32,2,0,211.0,224,112,175,65,28,14,13,0,0,0,4.78,1.37,2013
17,Ervin Santana,KC,37,32,32,0,0,211.0,190,76,161,51,26,9,10,0,0,0,3.24,1.14,2013
18,Mat Latos,CIN,32,32,32,1,0,210.2,197,74,187,58,14,14,7,0,0,0,3.16,1.21,2013
19,Yu Darvish,TEX,34,32,32,0,0,209.2,145,66,277,80,26,13,9,0,0,0,2.83,1.07,2013
20,Homer Bailey,CIN,34,32,32,2,1,209.0,181,81,199,54,20,11,12,0,0,0,3.49,1.12,2013
21,Doug Fister,DET,36,33,32,1,0,208.2,229,85,159,44,14,14,9,0,0,0,3.67,1.31,2013
22,Patrick Corbin,ARI,31,32,32,3,0,208.1,189,79,178,54,19,14,8,0,0,0,3.41,1.17,2013
23,Chris Tillman,BAL,32,33,33,1,0,206.1,184,85,179,68,33,16,7,0,0,0,3.71,1.22,2013
24,Mike Minor,ATL,32,32,32,1,0,204.2,177,73,181,46,22,13,9,0,0,0,3.21,1.09,2013
25,Felix Hernandez,SEA,34,31,31,0,0,204.1,185,69,216,46,15,12,10,0,0,0,3.04,1.13,2013
26,Eric Stults,SD,40,33,33,2,0,203.2,219,89,131,40,18,11,13,0,0,0,3.93,1.27,2013
27,Mark Buehrle,TOR,41,33,33,1,1,203.2,223,94,139,51,24,12,10,0,0,0,4.15,1.35,2013
28,Wade Miley,ARI,33,33,33,0,0,202.2,201,80,147,66,21,10,10,0,0,0,3.55,1.32,2013
29,Bronson Arroyo,CIN,43,32,32,2,1,202.0,199,85,124,34,32,14,12,0,0,0,3.79,1.15,2013
30,Lance Lynn,STL,33,33,33,0,0,201.2,189,89,198,76,14,15,10,0,0,0,3.97,1.31,2013
31,Madison Bumgarner,SF,31,31,31,0,0,201.1,146,62,199,62,15,13,9,0,0,0,2.77,1.03,2013
32,Hiroki Kuroda,NYY,45,32,32,1,1,201.1,191,74,150,43,20,11,13,0,0,0,3.31,1.16,2013
33,Travis Wood,CHC,33,32,32,0,0,200.0,163,69,144,66,18,9,12,0,0,0,3.11,1.15,2013
34,A.J. Griffin,OAK,32,32,32,1,1,200.0,171,85,171,54,36,14,10,0,0,0,3.83,1.13,2013
35,Jose Quintana,CWS,31,33,33,0,0,200.0,188,78,164,56,23,9,7,0,0,0,3.51,1.22,2013
36,Dillon Gee,NYM,34,32,32,2,0,199.0,208,80,142,47,24,12,11,0,0,0,3.62,1.28,2013
37,Kyle Lohse,MIL,42,32,32,2,1,198.2,196,74,125,36,26,11,10,0,0,0,3.35,1.17,2013
38,Tim Lincecum,SF,36,32,32,1,1,197.2,184,96,193,76,21,10,14,0,0,0,4.37,1.32,2013
39,Jhoulys Chacin,COL,32,31,31,0,0,197.1,188,76,126,61,11,14,10,0,0,0,3.47,1.26,2013
40,Jarrod Parker,OAK,31,32,32,1,0,197.0,178,87,134,63,25,12,8,0,0,0,3.97,1.22,2013
41,Kris Medlen,ATL,35,32,31,0,0,197.0,194,68,157,47,18,15,12,0,0,0,3.11,1.22,2013
42,Gio Gonzalez,WAS,35,32,32,1,1,195.2,169,73,192,76,17,11,8,0,0,0,3.36,1.25,2013
43,Justin Masterson,CLE,35,32,29,3,3,193.0,156,74,195,76,13,14,10,0,0,0,3.45,1.2,2013
44,Mike Leake,CIN,32,31,31,0,0,192.1,193,72,122,48,21,14,7,0,0,0,3.37,1.25,2013
45,Hyun Jin Ryu,LAD,33,30,30,2,1,192.0,182,64,154,49,15,14,8,0,0,0,3.0,1.2,2013
46,A.J. Burnett,PIT,43,30,30,1,0,191.0,165,70,209,67,11,10,11,0,0,0,3.3,1.21,2013
47,Bartolo Colon,OAK,47,30,30,3,3,190.1,193,56,117,29,14,18,6,0,0,0,2.65,1.17,2013
48,John Lackey,BOS,42,29,29,2,0,189.1,179,74,161,40,26,10,13,0,0,0,3.52,1.16,2013
49,David Price,TB,35,27,27,4,0,186.2,178,69,151,27,16,10,8,0,0,0,3.33,1.1,2013
50,Julio Teheran,ATL,29,30,30,0,0,185.2,173,66,170,45,22,14,8,0,0,0,3.2,1.17,2013
51,Andy Pettitte,NYY,48,30,30,1,0,185.1,198,77,128,48,17,11,11,0,0,0,3.74,1.33,2013
52,Kevin Correia,MIN,40,31,31,0,0,185.1,218,86,101,45,24,9,13,0,0,0,4.18,1.42,2013
53,Matt Cain,SF,36,30,30,0,0,184.1,158,82,158,55,23,8,10,0,0,0,4.0,1.16,2013
54,Wily Peralta,MIL,31,32,32,2,1,183.1,187,89,129,73,19,11,15,0,0,0,4.37,1.42,2013
55,Stephen Strasburg,WAS,32,30,30,1,1,183.0,136,61,191,56,16,8,9,0,0,0,3.0,1.05,2013
56,Joe Saunders,SEA,39,32,32,2,0,183.0,232,107,107,61,25,11,16,0,0,0,5.26,1.6,2013
57,Ubaldo Jimenez,CLE,36,32,32,0,0,182.2,163,67,194,80,16,13,9,0,0,0,3.3,1.33,2013
58,Anibal Sanchez,DET,36,29,29,1,1,182.0,156,52,202,54,9,14,8,0,0,0,2.57,1.15,2013
59,Kyle Kendrick,PHI,36,30,30,2,1,182.0,207,95,110,47,18,10,13,0,0,0,4.7,1.4,2013
60,Yovani Gallardo,MIL,34,31,31,0,0,180.2,180,84,144,66,18,12,10,0,0,0,4.18,1.36,2013
61,Matt Harvey,NYM,31,26,26,1,1,178.1,135,45,191,31,7,9,5,0,0,0,2.27,0.93,2013
62,Zack Greinke,LAD,37,28,28,1,1,177.2,152,52,148,46,13,15,4,0,0,0,2.63,1.11,2013
63,Rick Porcello,DET,31,32,29,1,0,177.0,185,85,142,42,18,13,8,0,0,0,4.32,1.28,2013
64,Edwin Jackson,CHC,37,31,31,0,0,175.1,197,97,135,59,16,8,18,0,0,0,4.98,1.46,2013
65,Andrew Cashner,SD,34,31,26,1,1,175.0,151,60,128,47,12,10,9,0,0,1,3.09,1.13,2013
66,Jeremy Hellickson,TB,33,32,31,0,0,174.0,185,100,135,50,24,12,10,0,0,0,5.17,1.35,2013
67,Shelby Miller,STL,30,31,31,1,1,173.1,152,59,169,57,20,15,9,0,0,0,3.06,1.21,2013
68,Jose Fernandez,MIA,28,28,28,0,0,172.2,111,42,187,58,10,12,6,0,0,0,2.19,0.98,2013
69,Ryan Dempster,BOS,43,32,29,0,0,171.1,170,87,157,79,26,8,9,0,0,0,4.57,1.45,2013
70,Miguel Gonzalez,BAL,36,30,28,0,0,171.1,157,72,120,53,24,11,8,0,0,0,3.78,1.23,2013
71,Dan Haren,WAS,40,31,30,0,0,169.2,179,88,151,31,28,10,14,1,0,0,4.67,1.24,2013
72,Jerome Williams,LAA,38,37,25,0,0,169.1,181,86,107,55,23,9,10,0,0,0,4.57,1.39,2013
73,Jorge De La Rosa,COL,39,30,30,0,0,167.2,170,65,112,62,11,16,6,0,0,0,3.49,1.38,2013
74,Jeff Locke,PIT,32,30,30,0,0,166.1,146,65,125,84,11,10,7,0,0,0,3.52,1.38,2013
75,Felix Doubront,BOS,33,29,27,0,0,162.1,161,78,139,71,13,11,6,0,0,0,4.32,1.43,2013
0,Justin Verlander,DET,37,33,33,6,1,238.1,192,70,239,60,19,17,8,0,0,0,2.64,1.06,2012
1,R.A. Dickey,NYM,46,34,33,5,3,233.2,192,71,230,54,24,20,6,0,0,0,2.73,1.05,2012
2,Felix Hernandez,SEA,34,33,33,5,5,232.0,209,79,223,56,14,13,9,0,0,0,3.06,1.14,2012
3,James Shields,TB,38,33,33,3,2,227.2,208,89,223,58,25,15,10,0,0,0,3.52,1.17,2012
4,Clayton Kershaw,LAD,32,33,33,2,2,227.2,170,64,229,63,16,14,9,0,0,0,2.53,1.02,2012
5,Hiroki Kuroda,NYY,45,33,33,3,2,219.2,205,81,167,51,25,16,11,0,0,0,3.32,1.17,2012
6,Matt Cain,SF,36,32,32,2,2,219.1,177,68,193,51,21,16,5,0,0,0,2.79,1.04,2012
7,Jake Peavy,CWS,39,32,32,4,1,219.0,191,82,194,49,27,11,12,0,0,0,3.37,1.1,2012
8,Clayton Richard,SD,37,33,33,1,1,218.2,228,97,107,42,31,14,14,0,0,0,3.99,1.23,2012
9,Jason Vargas,SEA,37,33,33,2,0,217.1,201,93,141,55,35,14,11,0,0,0,3.85,1.18,2012
10,Johnny Cueto,CIN,34,33,33,2,0,217.0,205,67,170,49,15,19,9,0,0,0,2.78,1.17,2012
11,Cole Hamels,PHI,36,31,31,2,2,215.1,190,73,216,52,24,17,6,0,0,0,3.05,1.12,2012
12,Matt Harrison,TEX,35,32,32,4,2,213.1,210,78,133,59,22,18,11,0,0,0,3.29,1.26,2012
13,Kyle Lohse,STL,42,33,33,0,0,211.0,192,67,143,38,19,16,3,0,0,0,2.86,1.09,2012
14,Cliff Lee,PHI,42,30,30,0,0,211.0,207,74,207,28,26,6,9,0,0,0,3.16,1.11,2012
15,David Price,TB,35,31,31,2,1,211.0,173,60,205,59,16,20,5,0,0,0,2.56,1.1,2012
16,Mat Latos,CIN,32,33,33,2,0,209.1,179,81,185,64,25,14,4,0,0,0,3.48,1.16,2012
17,Madison Bumgarner,SF,31,32,32,2,1,208.1,183,78,191,49,23,16,11,0,0,0,3.37,1.11,2012
18,Ian Kennedy,ARI,35,33,33,1,0,208.1,216,93,187,55,28,15,12,0,0,0,4.02,1.3,2012
19,Homer Bailey,CIN,34,33,33,2,1,208.0,206,85,168,52,26,13,10,0,0,0,3.68,1.24,2012
20,Justin Masterson,CLE,35,34,34,1,0,206.1,212,113,159,88,18,11,15,0,0,0,4.93,1.45,2012
21,Jon Lester,BOS,36,33,33,3,0,205.1,216,110,166,68,25,9,14,0,0,0,4.82,1.38,2012
22,Yovani Gallardo,MIL,34,33,33,0,0,204.0,185,83,204,81,26,16,9,0,0,0,3.66,1.3,2012
23,C.J. Wilson,LAA,39,34,34,0,0,202.1,181,86,173,91,19,13,10,0,0,0,3.83,1.34,2012
24,A.J. Burnett,PIT,43,31,31,1,1,202.1,189,79,180,62,18,16,10,0,0,0,3.51,1.24,2012
25,Mark Buehrle,MIA,41,31,31,1,0,202.1,197,84,125,40,26,13,13,0,0,0,3.74,1.17,2012
26,Bronson Arroyo,CIN,43,32,32,1,1,202.0,209,84,129,35,26,12,10,0,0,0,3.74,1.21,2012
27,CC Sabathia,NYY,40,28,28,2,0,200.0,184,75,197,44,22,15,6,0,0,0,3.38,1.14,2012
28,Trevor Cahill,ARI,32,32,32,2,1,200.0,184,84,156,74,16,13,12,0,0,0,3.78,1.29,2012
29,Gio Gonzalez,WAS,35,32,32,2,1,199.1,149,64,207,76,9,21,8,0,0,0,2.89,1.13,2012
30,Adam Wainwright,STL,39,32,32,3,2,198.2,196,87,184,52,15,14,13,0,0,0,3.94,1.25,2012
31,Chris Capuano,LAD,42,33,33,0,0,198.1,188,82,162,54,25,12,12,0,0,0,3.72,1.22,2012
32,Jordan Zimmermann,WAS,34,32,32,0,0,195.2,186,64,153,43,18,12,8,0,0,0,2.94,1.17,2012
33,Wade Miley,ARI,33,32,29,0,0,194.2,193,72,144,37,14,16,11,0,0,0,3.33,1.18,2012
34,Lucas Harrell,HOU,35,32,32,1,1,193.2,185,81,140,78,13,11,11,0,0,0,3.76,1.36,2012
35,Wei-Yin Chen,BAL,35,32,32,0,0,192.2,186,86,154,57,29,12,11,0,0,0,4.02,1.26,2012
36,Chris Sale,CWS,31,30,29,1,0,192.0,167,65,192,51,19,17,8,0,1,0,3.05,1.14,2012
37,Bruce Chen,KC,43,34,34,0,0,191.2,215,108,140,47,33,11,14,0,0,0,5.07,1.37,2012
38,Phil Hughes,NYY,34,32,32,1,0,191.1,196,89,165,46,35,16,13,0,0,0,4.19,1.26,2012
39,Josh Johnson,MIA,36,31,31,0,0,191.1,180,81,165,65,14,8,14,0,0,0,3.81,1.28,2012
40,Yu Darvish,TEX,34,29,29,0,0,191.1,156,83,221,89,14,16,9,0,0,0,3.9,1.28,2012
41,Ricky Nolasco,MIA,37,31,31,3,2,191.0,214,95,125,47,18,12,13,0,0,0,4.48,1.37,2012
42,Jon Niese,NYM,34,30,30,0,0,190.1,174,72,155,49,22,13,9,0,0,0,3.4,1.17,2012
43,Tommy Milone,OAK,33,31,31,1,0,190.0,207,79,137,36,24,13,10,0,0,0,3.74,1.28,2012
44,Edwin Jackson,WAS,37,31,31,1,0,189.2,173,85,168,58,23,10,11,0,0,0,4.03,1.22,2012
45,Ryan Vogelsong,SF,43,31,31,0,0,189.2,171,71,158,62,17,14,9,0,0,0,3.37,1.23,2012
46,Clay Buchholz,BOS,36,29,29,2,1,189.1,187,96,129,64,25,11,8,0,0,0,4.56,1.33,2012
47,Jered Weaver,LAA,38,30,30,3,2,188.2,147,59,142,45,20,20,5,0,0,0,2.81,1.02,2012
48,Max Scherzer,DET,36,32,32,0,0,187.2,179,78,231,60,23,16,7,0,0,0,3.74,1.27,2012
49,Henderson Alvarez,TOR,30,31,31,1,1,187.1,216,101,79,54,29,9,14,0,0,0,4.85,1.44,2012
50,Tim Lincecum,SF,36,33,33,0,0,186.0,183,107,190,90,23,10,15,0,0,0,5.18,1.47,2012
51,Luke Hochevar,KC,37,32,32,2,1,185.1,202,118,144,61,27,8,16,0,0,0,5.73,1.42,2012
52,Barry Zito,SF,42,32,32,1,1,184.1,186,85,114,70,20,15,8,0,0,0,4.15,1.39,2012
53,Edinson Volquez,SD,37,32,32,1,1,182.2,160,84,174,105,14,11,11,0,0,0,4.14,1.45,2012
54,Jarrod Parker,OAK,31,29,29,0,0,181.1,166,70,140,63,11,13,8,0,0,0,3.47,1.26,2012
55,Ricky Romero,TOR,36,32,32,1,0,181.0,198,116,124,105,21,9,14,0,0,0,5.77,1.67,2012
56,Aaron Harang,LAD,42,31,31,0,0,179.2,167,72,131,85,14,10,10,0,0,0,3.61,1.4,2012
57,Mike Minor,ATL,32,30,30,0,0,179.1,151,82,145,56,26,11,10,0,0,0,4.12,1.15,2012
58,Mike Leake,CIN,32,30,30,2,0,179.0,201,91,116,41,26,8,9,0,0,0,4.58,1.35,2012
59,Tim Hudson,ATL,45,28,28,1,1,179.0,168,72,102,48,12,16,7,0,0,0,3.62,1.21,2012
60,Ervin Santana,LAA,37,30,30,1,1,178.0,165,102,133,61,39,9,13,0,0,0,5.16,1.27,2012
61,Matt Moore,TB,31,31,31,0,0,177.1,158,75,175,81,18,11,11,0,0,0,3.81,1.35,2012
62,Jeremy Hellickson,TB,33,31,31,0,0,177.0,163,61,124,59,25,10,11,0,0,0,3.1,1.25,2012
63,Ubaldo Jimenez,CLE,36,31,31,0,0,176.2,190,106,143,95,25,9,17,0,0,0,5.4,1.61,2012
64,Dan Haren,LAA,40,30,30,1,1,176.2,190,85,142,38,28,12,13,0,0,0,4.33,1.29,2012
65,Rick Porcello,DET,31,31,31,0,0,176.1,226,90,107,44,16,10,12,0,0,0,4.59,1.53,2012
66,Lance Lynn,STL,33,35,29,0,0,176.0,168,74,180,64,16,18,7,0,0,1,3.78,1.32,2012
67,Derek Holland,TEX,34,29,27,0,0,175.1,162,91,145,52,32,12,7,0,0,0,4.67,1.22,2012
68,Jeff Samardzija,CHC,35,28,28,1,0,174.2,157,74,180,56,20,9,13,0,0,0,3.81,1.22,2012
69,Tommy Hanson,ATL,34,31,31,0,0,174.2,183,87,161,71,27,13,10,0,0,0,4.48,1.45,2012
70,Jake Westbrook,STL,43,28,28,1,0,174.2,191,77,106,52,12,13,11,0,0,0,3.97,1.39,2012
71,Scott Diamond,MIN,34,27,27,1,1,173.0,184,68,90,31,17,12,9,0,0,0,3.54,1.24,2012
72,Kevin Correia,PIT,40,32,28,0,0,171.0,176,80,89,46,20,12,11,0,0,0,4.21,1.3,2012
73,James McDonald,PIT,36,30,29,1,0,171.0,147,80,151,69,21,12,8,0,0,0,4.21,1.26,2012
74,Ivan Nova,NYY,33,28,28,0,0,170.1,194,95,153,56,28,12,8,0,0,0,5.02,1.47,2012
75,Bud Norris,HOU,35,29,29,0,0,168.1,165,87,165,66,23,7,13,0,0,0,4.65,1.37,2012
76,Gavin Floyd,CWS,37,29,29,0,0,168.0,166,80,144,63,22,12,11,0,0,0,4.29,1.36,2012
77,Luis Mendoza,KC,37,30,25,0,0,166.0,176,78,104,59,15,8,10,0,0,0,4.23,1.42,2012
78,Ross Detwiler,WAS,34,33,27,0,0,164.1,149,62,105,52,15,10,8,0,0,1,3.4,1.22,2012
0,Justin Verlander,DET,37,34,34,4,2,251.0,174,67,250,57,24,24,5,0,0,0,2.4,0.92,2011
1,James Shields,TB,38,33,33,11,4,249.1,195,78,225,65,26,16,12,0,0,0,2.82,1.04,2011
2,Dan Haren,LAA,40,35,34,4,3,238.1,211,84,192,33,20,16,10,0,0,0,3.17,1.02,2011
3,CC Sabathia,NYY,40,33,33,3,1,237.1,230,79,230,61,17,19,8,0,0,0,3.0,1.23,2011
4,Chris Carpenter,STL,45,34,34,4,2,237.1,243,91,191,55,16,11,9,0,0,0,3.45,1.26,2011
5,Jered Weaver,LAA,38,33,33,4,2,235.2,182,63,198,56,20,18,8,0,0,0,2.41,1.01,2011
6,Felix Hernandez,SEA,34,33,33,5,0,233.2,218,90,222,67,19,14,14,0,0,0,3.47,1.22,2011
7,Roy Halladay,PHI,43,32,32,8,1,233.2,208,61,220,35,10,19,6,0,0,0,2.35,1.04,2011
8,Clayton Kershaw,LAD,32,33,33,5,2,233.1,174,59,248,54,15,21,5,0,0,0,2.28,0.98,2011
9,Cliff Lee,PHI,42,32,32,6,6,232.2,197,62,238,42,18,17,8,0,0,0,2.4,1.03,2011
10,Ervin Santana,LAA,37,33,33,4,1,228.2,207,86,178,72,26,11,12,0,0,0,3.38,1.22,2011
11,Ricky Romero,TOR,36,32,32,4,2,225.0,176,73,178,80,26,15,11,0,0,0,2.92,1.14,2011
12,David Price,TB,35,34,34,0,0,224.1,192,87,218,63,22,12,13,0,0,0,3.49,1.14,2011
13,C.J. Wilson,TEX,39,34,34,3,1,223.1,191,73,206,74,16,16,7,0,0,0,2.94,1.19,2011
14,Carl Pavano,MIN,44,33,33,3,1,222.0,262,106,102,40,23,9,13,0,0,0,4.3,1.36,2011
15,Daniel Hudson,ARI,33,33,33,3,0,222.0,217,86,169,50,17,16,12,0,0,0,3.49,1.2,2011
16,Ian Kennedy,ARI,35,33,33,1,1,222.0,186,71,198,55,19,21,4,0,0,0,2.88,1.09,2011
17,Matt Cain,SF,36,33,33,1,0,221.2,177,71,179,63,9,12,11,0,0,0,2.88,1.08,2011
18,Tim Lincecum,SF,36,33,33,1,1,217.0,176,66,220,86,15,13,14,0,0,0,2.74,1.21,2011
19,Justin Masterson,CLE,35,34,33,1,0,216.0,211,77,158,65,11,12,10,0,0,0,3.21,1.28,2011
20,Cole Hamels,PHI,36,32,31,3,0,216.0,169,67,194,44,19,14,9,0,0,0,2.79,0.99,2011
21,Brett Myers,HOU,40,34,33,2,0,216.0,226,107,160,57,31,7,14,0,0,0,4.46,1.31,2011
22,Tim Hudson,ATL,45,33,33,1,1,215.0,189,77,158,56,14,16,10,0,0,0,3.22,1.14,2011
23,Randy Wolf,MIL,44,33,33,0,0,212.1,214,87,134,66,23,13,10,0,0,0,3.69,1.32,2011
24,Joe Saunders,ARI,39,33,33,1,0,212.0,210,87,108,67,29,12,13,0,0,0,3.69,1.31,2011
25,R.A. Dickey,NYM,46,33,32,1,0,208.2,202,76,134,54,18,8,13,0,0,1,3.28,1.23,2011
26,Jeremy Guthrie,BAL,41,34,32,2,0,208.0,213,100,130,66,26,9,17,0,0,0,4.33,1.34,2011
27,Trevor Cahill,OAK,32,34,34,0,0,207.2,214,96,147,82,19,12,14,0,0,0,4.16,1.43,2011
28,Yovani Gallardo,MIL,34,33,33,1,1,207.1,193,81,207,59,27,17,10,0,0,0,3.52,1.22,2011
29,Ricky Nolasco,FLA,37,33,33,2,1,206.0,244,107,148,44,20,10,12,0,0,0,4.67,1.4,2011
30,Mark Buehrle,CWS,41,31,31,0,0,205.1,221,82,109,45,21,13,9,0,0,0,3.59,1.3,2011
31,Madison Bumgarner,SF,31,33,33,0,0,204.2,202,73,191,46,12,13,13,0,0,0,3.21,1.21,2011
32,Ryan Dempster,CHC,43,34,34,0,0,202.1,211,108,191,82,23,10,14,0,0,0,4.8,1.45,2011
33,Gio Gonzalez,OAK,35,32,32,0,0,202.0,175,70,197,91,17,16,12,0,0,0,3.12,1.32,2011
34,Hiroki Kuroda,LAD,45,32,32,0,0,202.0,196,69,161,49,24,13,16,0,0,0,3.07,1.21,2011
35,Jason Vargas,SEA,37,32,32,4,3,201.0,205,95,131,59,22,10,13,0,0,0,4.25,1.31,2011
36,Shaun Marcum,MIL,38,33,33,0,0,200.2,175,79,158,57,22,13,7,0,0,0,3.54,1.16,2011
37,Colby Lewis,TEX,41,32,32,2,1,200.1,187,98,169,56,35,14,10,0,0,0,4.4,1.21,2011
38,Bronson Arroyo,CIN,43,32,32,1,1,199.0,227,112,108,45,46,9,12,0,0,0,5.07,1.37,2011
39,Matt Garza,CHC,36,31,31,2,0,198.0,186,73,197,63,14,10,10,0,0,0,3.32,1.26,2011
40,Luke Hochevar,KC,37,31,31,0,0,198.0,192,103,128,62,23,11,11,0,0,0,4.68,1.28,2011
41,Derek Holland,TEX,34,32,32,4,4,198.0,201,87,162,67,22,16,5,0,0,0,3.95,1.35,2011
42,Anibal Sanchez,FLA,36,32,32,3,2,196.1,187,80,202,64,20,8,9,0,0,0,3.67,1.28,2011
43,Max Scherzer,DET,36,33,33,0,0,195.0,207,96,174,56,29,15,9,0,0,0,4.43,1.35,2011
44,Jaime Garcia,STL,34,32,32,2,2,194.2,207,77,156,50,15,13,7,0,0,0,3.56,1.32,2011
45,Mat Latos,SD,32,31,31,0,0,194.1,168,75,185,62,16,9,14,0,0,0,3.47,1.18,2011
46,Jhoulys Chacin,COL,32,31,31,2,1,194.0,168,78,150,87,20,11,14,0,0,0,3.62,1.31,2011
47,Mike Pelfrey,NYM,36,34,33,2,0,193.2,220,102,105,65,21,7,13,0,0,0,4.74,1.47,2011
48,Gavin Floyd,CWS,37,31,30,1,0,193.2,180,94,151,45,22,12,13,0,0,0,4.37,1.16,2011
49,Josh Beckett,BOS,40,30,30,1,1,193.0,146,62,175,52,21,13,7,0,0,0,2.89,1.03,2011
50,Javier Vazquez,FLA,44,32,32,2,1,192.2,178,79,162,50,21,13,11,0,0,0,3.69,1.18,2011
51,Ted Lilly,LAD,44,33,33,0,0,192.2,172,85,158,51,28,12,14,0,0,0,3.97,1.16,2011
52,Jon Lester,BOS,36,31,31,0,0,191.2,166,74,182,75,20,15,9,0,0,0,3.47,1.26,2011
53,Wandy Rodriguez,HOU,41,30,30,0,0,191.0,182,74,166,69,25,11,11,0,0,0,3.49,1.31,2011
54,A.J. Burnett,NYY,43,33,32,0,0,190.1,190,109,173,83,31,11,11,0,0,0,5.15,1.43,2011
55,Jeremy Hellickson,TB,33,29,29,2,1,189.0,146,62,117,72,21,13,10,0,0,0,2.95,1.15,2011
56,Roberto Hernandez,CLE,39,32,32,0,0,188.2,205,110,109,60,22,7,15,0,0,0,5.25,1.4,2011
57,Kyle Lohse,STL,42,30,30,1,1,188.1,178,71,111,42,16,14,8,0,0,0,3.39,1.17,2011
58,Chad Billingsley,LAD,36,32,32,1,0,188.0,189,88,152,84,14,11,11,0,0,0,4.21,1.45,2011
59,Derek Lowe,ATL,47,34,34,0,0,187.0,212,105,137,70,14,9,17,0,0,0,5.05,1.51,2011
60,Chris Capuano,NYM,42,33,31,1,1,186.0,198,94,168,53,27,11,12,0,0,1,4.55,1.35,2011
61,Bud Norris,HOU,35,31,31,0,0,186.0,177,78,176,70,24,6,11,0,0,0,3.77,1.33,2011
62,Matt Harrison,TEX,35,31,30,0,0,185.2,180,70,126,57,13,14,9,0,0,0,3.39,1.28,2011
63,Tim Stauffer,SD,38,31,31,0,0,185.2,180,77,128,53,20,9,12,0,0,0,3.73,1.25,2011
64,John Lannan,WAS,36,33,33,0,0,184.2,194,76,106,76,15,10,13,0,0,0,3.7,1.46,2011
65,Wade Davis,TB,35,29,29,1,0,184.0,190,91,105,63,23,11,10,0,0,0,4.45,1.38,2011
66,Jake Westbrook,STL,43,33,33,0,0,183.1,208,95,104,73,16,12,9,0,0,0,4.66,1.53,2011
67,Jeff Francis,KC,39,31,31,1,0,183.0,224,98,91,39,19,6,16,0,0,0,4.82,1.44,2011
68,Rick Porcello,DET,31,31,31,0,0,182.0,210,96,104,46,18,14,9,0,0,0,4.75,1.41,2011
69,Brad Penny,DET,42,31,31,0,0,181.2,222,107,74,62,24,11,11,0,0,0,5.3,1.56,2011
70,Ryan Vogelsong,SF,43,30,28,1,1,179.2,164,54,139,61,15,13,7,0,0,0,2.71,1.25,2011
71,Brandon Morrow,TOR,36,30,30,0,0,179.1,162,94,203,69,21,11,11,0,0,0,4.72,1.29,2011
72,Livan Hernandez,WAS,45,29,29,1,1,175.1,199,87,99,46,16,8,13,0,0,0,4.47,1.4,2011
73,Zack Greinke,MIL,37,28,28,0,0,171.2,161,73,201,45,19,16,6,0,0,0,3.83,1.2,2011
74,Charlie Morton,PIT,36,29,29,2,1,171.2,186,73,110,77,6,10,10,0,0,0,3.83,1.53,2011
75,James McDonald,PIT,36,31,31,0,0,171.0,176,80,142,78,24,9,9,0,0,0,4.21,1.49,2011
76,Michael Pineda,SEA,31,28,28,0,0,171.0,133,71,173,55,18,9,10,0,0,0,3.74,1.1,2011
77,Brandon McCarthy,OAK,37,25,25,5,1,170.2,168,63,123,25,11,9,9,0,0,0,3.32,1.13,2011
78,Aaron Harang,SD,42,28,28,0,0,170.2,175,69,124,58,20,14,7,0,0,0,3.64,1.37,2011
79,Jason Hammel,COL,38,32,27,0,0,170.1,175,90,94,68,21,7,13,1,0,0,4.76,1.43,2011
80,John Danks,CWS,35,27,27,2,1,170.1,182,82,135,46,19,8,12,0,0,0,4.33,1.34,2011
81,Alexi Ogando,TEX,37,31,29,1,1,169.0,149,66,126,43,16,13,8,0,0,0,3.51,1.14,2011
82,Mike Leake,CIN,32,29,26,0,0,167.2,159,72,118,38,23,12,9,0,0,0,3.86,1.17,2011
83,Chris Volstad,FLA,34,29,29,0,0,165.2,187,90,117,49,23,5,13,0,0,0,4.89,1.42,2011
84,Josh Tomlin,CLE,36,26,26,0,0,165.1,157,78,89,21,24,12,7,0,0,0,4.25,1.08,2011
85,Ivan Nova,NYY,33,28,27,0,0,165.1,163,68,98,57,13,16,4,0,0,0,3.7,1.33,2011
86,Bartolo Colon,NYY,47,29,26,1,1,164.1,172,73,135,40,21,8,10,0,0,0,4.0,1.29,2011
87,Phil Humber,CWS,37,28,26,0,0,163.0,151,68,116,41,14,9,9,0,0,0,3.75,1.18,2011
88,Paul Maholm,PIT,38,26,26,1,1,162.1,160,66,97,50,11,6,14,0,0,0,3.66,1.29,2011
89,Jeff Karstens,PIT,38,30,26,1,1,162.1,163,61,96,33,22,9,9,0,0,0,3.38,1.21,2011
0,Roy Halladay,PHI,43,33,33,9,4,250.2,231,68,219,30,24,21,10,0,0,0,2.44,1.04,2010
1,Felix Hernandez,SEA,34,34,34,6,1,249.2,194,63,232,70,17,13,12,0,0,0,2.27,1.06,2010
2,CC Sabathia,NYY,40,34,34,2,0,237.2,209,84,197,74,20,21,7,0,0,0,3.18,1.19,2010
3,Chris Carpenter,STL,45,35,35,1,0,235.0,214,84,179,63,21,16,9,0,0,0,3.22,1.18,2010
4,Adam Wainwright,STL,39,33,33,5,2,230.1,186,62,213,56,15,20,11,0,0,0,2.42,1.05,2010
5,Tim Hudson,ATL,45,34,34,1,0,228.2,189,72,139,74,20,17,9,0,0,0,2.83,1.15,2010
6,Justin Verlander,DET,37,33,33,4,0,224.1,190,84,219,71,14,18,9,0,0,0,3.37,1.16,2010
7,Jered Weaver,LAA,38,34,34,0,0,224.1,187,75,233,54,23,13,12,0,0,0,3.01,1.07,2010
8,Brett Myers,HOU,40,33,33,2,0,223.2,212,78,180,66,20,14,8,0,0,0,3.14,1.24,2010
9,Matt Cain,SF,36,33,33,4,2,223.1,181,78,177,61,22,13,11,0,0,0,3.14,1.08,2010
10,Ervin Santana,LAA,37,33,33,4,1,222.2,221,97,169,73,27,17,10,0,0,0,3.92,1.32,2010
11,Ubaldo Jimenez,COL,36,33,33,4,2,221.2,164,71,214,92,10,19,8,0,0,0,2.88,1.15,2010
12,Carl Pavano,MIN,44,32,32,7,2,221.0,227,92,117,37,24,17,11,0,0,0,3.75,1.19,2010
13,Zack Greinke,KC,37,33,33,3,0,220.0,219,102,181,55,18,10,14,0,0,0,4.17,1.25,2010
14,Randy Wolf,MIL,44,34,34,1,1,215.2,213,100,142,87,29,13,12,0,0,0,4.17,1.39,2010
15,Bronson Arroyo,CIN,43,33,33,2,0,215.2,188,93,121,59,29,17,10,0,0,0,3.88,1.15,2010
16,Ryan Dempster,CHC,43,34,34,1,0,215.1,198,92,208,86,25,15,12,0,0,0,3.85,1.32,2010
17,John Lackey,BOS,42,33,33,0,0,215.0,233,105,156,72,18,14,11,0,0,0,4.4,1.42,2010
18,John Danks,CWS,35,32,32,1,1,213.0,189,88,162,70,18,15,11,0,0,0,3.72,1.22,2010
19,Tim Lincecum,SF,36,33,33,1,1,212.1,194,81,231,76,18,16,10,0,0,0,3.43,1.27,2010
20,Livan Hernandez,WAS,45,33,33,2,1,211.2,216,86,114,64,16,10,12,0,0,0,3.66,1.32,2010
21,Mark Buehrle,CWS,41,33,33,3,0,210.1,246,100,99,49,17,13,13,0,0,0,4.28,1.4,2010
22,Roberto Hernandez,CLE,39,33,33,4,1,210.1,203,88,124,72,17,13,14,0,0,0,3.77,1.31,2010
23,Ricky Romero,TOR,36,32,32,3,1,210.0,189,87,174,82,15,14,9,0,0,0,3.73,1.29,2010
24,Jeremy Guthrie,BAL,41,32,32,0,0,209.1,193,89,119,50,25,11,14,0,0,0,3.83,1.16,2010
25,Cole Hamels,PHI,36,33,33,1,0,208.2,185,71,211,61,26,12,11,0,0,0,3.06,1.18,2010
26,David Price,TB,35,32,31,2,1,208.2,170,63,188,79,15,19,6,0,0,0,2.72,1.19,2010
27,Jon Lester,BOS,36,32,32,2,0,208.0,167,75,225,83,14,19,9,0,0,0,3.25,1.2,2010
28,Matt Garza,TB,36,33,32,3,1,204.2,193,89,150,63,28,15,10,1,0,0,3.91,1.25,2010
29,Clayton Kershaw,LAD,32,32,32,1,1,204.1,160,66,212,81,13,13,10,0,0,0,2.91,1.18,2010
30,Mike Pelfrey,NYM,36,34,33,0,0,204.0,213,83,113,68,12,15,9,1,0,0,3.66,1.38,2010
31,C.J. Wilson,TEX,39,33,33,3,0,204.0,161,76,170,93,10,15,8,0,0,0,3.35,1.25,2010
32,James Shields,TB,38,34,33,0,0,203.1,246,117,187,51,34,13,15,0,0,0,5.18,1.46,2010
33,Tommy Hanson,ATL,34,34,34,1,0,202.2,182,75,173,56,14,10,11,0,0,0,3.33,1.17,2010
34,Clayton Richard,SD,37,33,33,1,1,201.2,206,84,153,78,16,14,9,0,0,0,3.75,1.41,2010
35,Colby Lewis,TEX,41,32,32,1,0,201.0,174,83,196,65,21,12,13,0,0,0,3.72,1.19,2010
36,Gio Gonzalez,OAK,35,33,33,1,0,200.2,171,72,171,92,15,15,9,0,0,0,3.23,1.31,2010
37,Rodrigo Lopez,ARI,44,33,33,0,0,200.0,227,111,116,56,37,7,16,0,0,0,5.0,1.42,2010
38,Jon Garland,SD,41,33,33,0,0,200.0,176,77,136,87,20,14,12,0,0,0,3.47,1.32,2010
39,Barry Zito,SF,42,34,33,1,0,199.1,184,92,150,84,20,9,14,0,0,0,4.15,1.34,2010
40,Johan Santana,NYM,41,29,29,4,2,199.0,179,66,144,55,16,11,9,0,0,0,2.98,1.18,2010
41,Trevor Cahill,OAK,32,30,30,1,1,196.2,155,65,118,63,19,18,8,0,0,0,2.97,1.11,2010
42,Hiroki Kuroda,LAD,45,31,31,0,0,196.1,180,74,159,48,15,11,13,0,0,0,3.39,1.16,2010
43,Max Scherzer,DET,36,31,31,0,0,195.2,174,76,184,70,20,12,11,0,0,0,3.5,1.25,2010
44,Shaun Marcum,TOR,38,31,31,1,0,195.1,181,79,165,43,24,13,8,0,0,0,3.64,1.15,2010
45,Anibal Sanchez,FLA,36,32,32,1,1,195.0,192,77,157,70,10,13,12,0,0,0,3.55,1.34,2010
46,Wandy Rodriguez,HOU,41,32,32,0,0,195.0,183,78,178,68,16,11,12,0,0,0,3.6,1.29,2010
47,Randy Wells,CHC,38,32,32,0,0,194.1,209,92,144,63,19,8,14,0,0,0,4.26,1.4,2010
48,Ian Kennedy,ARI,35,32,32,0,0,194.0,163,82,168,70,26,9,10,0,0,0,3.8,1.2,2010
49,Derek Lowe,ATL,47,33,33,0,0,193.2,204,86,136,61,18,16,12,0,0,0,4.0,1.37,2010
50,Jonathan Sanchez,SF,37,34,33,0,0,193.1,142,66,205,96,21,13,9,0,0,1,3.07,1.23,2010
51,Jason Vargas,SEA,37,31,31,0,0,192.2,187,81,116,54,18,9,12,0,0,0,3.78,1.25,2010
52,Dallas Braden,OAK,37,30,30,5,2,192.2,180,75,113,43,17,11,14,0,0,0,3.5,1.16,2010
53,Chad Billingsley,LAD,36,31,31,1,1,191.2,176,76,171,69,8,12,11,0,0,0,3.57,1.28,2010
54,Francisco Liriano,MIN,37,31,31,0,0,191.2,184,77,201,58,9,14,10,0,0,0,3.62,1.26,2010
55,Kevin Millwood,BAL,45,31,31,1,0,190.2,223,108,132,65,30,4,16,0,0,0,5.1,1.51,2010
56,Gavin Floyd,CWS,37,31,31,1,0,187.1,199,85,151,58,14,10,13,0,0,0,4.08,1.37,2010
57,A.J. Burnett,NYY,43,33,33,1,0,186.2,204,109,145,78,25,10,15,0,0,0,5.26,1.51,2010
58,Johnny Cueto,CIN,34,31,31,1,1,185.2,181,75,138,56,19,12,7,0,0,0,3.64,1.28,2010
59,Paul Maholm,PIT,38,32,32,1,1,185.1,228,105,102,62,15,9,15,0,0,0,5.1,1.56,2010
60,Yovani Gallardo,MIL,34,31,31,2,2,185.0,178,79,200,75,12,14,7,0,0,0,3.84,1.37,2010
61,Mat Latos,SD,32,31,31,1,1,184.2,150,60,189,50,16,14,10,0,0,0,2.92,1.08,2010
62,Josh Johnson,FLA,36,28,28,1,0,183.2,155,47,186,48,7,11,6,0,0,0,2.3,1.11,2010
63,Kyle Davies,KC,37,32,32,1,0,183.2,206,109,126,80,20,8,12,0,0,0,5.34,1.56,2010
64,Kyle Kendrick,PHI,36,33,31,1,0,180.2,199,95,84,49,26,11,10,0,0,0,4.73,1.37,2010
65,Justin Masterson,CLE,35,34,29,1,1,180.0,197,94,140,73,14,6,13,0,0,2,4.7,1.5,2010
66,Jason Hammel,COL,38,30,30,0,0,177.2,201,95,141,47,18,10,9,0,0,0,4.81,1.4,2010
67,Phil Hughes,NYY,34,31,29,0,0,176.1,162,82,146,58,25,18,8,0,0,0,4.19,1.25,2010
68,Joe Blanton,PHI,39,29,28,0,0,175.2,206,94,134,43,27,9,6,0,0,0,4.82,1.42,2010
69,Brian Matusz,BAL,33,32,32,0,0,175.2,173,84,143,63,19,10,12,0,0,0,4.3,1.34,2010
70,Chris Volstad,FLA,34,30,30,2,1,175.0,187,89,102,60,17,12,9,0,0,0,4.58,1.41,2010
71,Jeff Niemann,TB,37,30,29,1,1,174.1,159,85,131,61,25,12,8,0,0,0,4.39,1.26,2010
72,Dave Bush,MIL,40,32,31,0,0,174.1,198,88,107,65,28,8,13,0,0,1,4.54,1.51,2010
73,R.A. Dickey,NYM,46,27,26,2,1,174.1,165,55,104,42,13,11,9,0,0,1,2.84,1.19,2010
74,Clay Buchholz,BOS,36,28,28,1,1,173.2,142,45,120,67,9,17,7,0,0,0,2.33,1.2,2010
75,Jon Niese,NYM,34,30,30,2,1,173.2,192,81,148,62,20,9,10,0,0,0,4.2,1.46,2010
76,Brett Cecil,TOR,34,28,28,0,0,172.2,175,81,117,54,18,15,7,0,0,0,4.22,1.33,2010
77,Doug Fister,SEA,36,28,28,0,0,171.0,187,78,93,32,13,6,14,0,0,0,4.11,1.28,2010
78,Jeremy Bonderman,DET,38,30,29,0,0,171.0,187,105,112,60,25,8,10,0,0,1,5.53,1.44,2010
79,Scott Baker,MIN,39,29,29,0,0,170.1,186,85,148,43,23,12,9,0,0,0,4.49,1.34,2010
80,Brad Bergesen,BAL,35,30,28,2,0,170.0,193,94,81,51,26,8,12,0,0,0,4.98,1.44,2010
81,Wade Davis,TB,35,29,29,0,0,168.0,165,76,113,62,24,12,10,0,0,0,4.07,1.35,2010
82,Chris Narveson,MIL,38,37,28,0,0,167.2,172,93,137,59,21,12,9,0,1,3,4.99,1.38,2010
83,Jaime Garcia,STL,34,28,28,1,1,163.1,151,49,132,64,9,13,8,0,0,0,2.7,1.32,2010
84,Rick Porcello,DET,31,27,27,0,0,162.2,188,89,84,38,18,10,12,0,0,0,4.92,1.39,2010
