last_name, first_name,year,player_age,IP,Strikeout,Strikeout Percentage,Earned Runs,Win,exit_velocity_avg,launch_angle_avg,sweet_spot_percent,barrel_batted_rate,hard_hit_percent,z_swing_miss_percent,in_zone_percent,edge_percent,Slider_Rate,slider_avg_speed,Changeup_rate,ch_avg_speed,Curveball_rate,cu_avg_speed,fastball_rate,fastball_avg_speed
Ryu, Hyun Jin,2020,33,67,72,26.2,20,5,87,9.6,32.4,3.2,29.2,19.2,45.4,45.5,,,27.8,79.6,13.2,72.4,58.9,87.9
Maeda, Kenta,2020,32,66.2,80,32.3,20,6,85.3,10.8,31,7,24.7,19.7,43.7,41.4,38.6,82.9,29.4,84.5,3.4,78.5,28.4,91
Heaney, Andrew,2020,29,66.2,70,25.1,33,4,88.6,16.3,36.2,7.4,39.4,22,52.2,43.4,,,17.4,83,24.7,79.2,57.7,91.5
Bundy, Dylan,2020,28,65.2,72,27,24,6,87,14.5,30.6,4.6,32.9,18.4,49.4,45.6,25,79.9,21.3,82.2,11.6,73.5,41.9,90.1
Perez, Martin,2020,29,62,46,17.6,31,3,86.3,14.3,34.6,7.6,29.2,20.7,46.3,46.4,,,25.7,83.7,9.3,77.7,64.8,90.4
Nola, Aaron,2020,27,71.1,96,33.2,26,5,88.3,8.6,34.5,5.4,38.1,20.7,44.1,46,,,27.3,84.9,26.6,78.6,45.9,92.3
Gonzales, Marco,2020,28,69.2,64,23.1,24,7,86.4,17.7,37.1,8.4,34.2,15,53.7,48.1,,,14.2,80.6,16,75.3,69.6,87
Valdez, Framber,2020,27,70.2,76,26.4,28,5,91.4,-0.8,33.5,7.9,48.7,15.5,52.5,43,,,9.7,88.8,33.4,80.5,56.8,93.1
Marquez, German,2020,25,81.2,73,21.2,34,4,88.8,7.2,32.9,4.9,40.2,15.4,52.6,41.7,17.3,87.9,5.3,86.8,25,85.5,52.2,95.6
Lynn, Lance,2020,33,84,89,25.9,31,6,88.6,17.5,34.4,5.4,37.5,19.8,51.4,45,,,1.1,84.6,8.3,84,90.4,92.5
Lamet, Dinelson,2020,28,69,93,34.8,16,3,88.7,16.9,34.7,7.3,40,20.1,50.9,42,53.4,86.5,,,,,46.5,97
Cole, Gerrit,2020,30,73,94,32.6,23,7,90.4,16.4,32,9.1,44.6,24.6,48.5,43.1,24.4,88.7,5.5,88.3,17.2,83.4,52.7,96.7
Carrasco, Carlos,2020,33,68,82,29.3,22,3,88,10.3,35.5,8.3,34.9,20.6,47.8,43.3,28.3,85.9,27.9,87.7,5.1,83.1,38.5,93.6
Wheeler, Zack,2020,30,71,53,18.4,23,4,85.7,3.8,30.7,3.8,34,18.9,49.3,44.4,15.8,89.8,8.2,90.1,10.1,80.1,65.7,96.8
Keuchel, Dallas,2020,32,63.1,42,16.3,14,6,86.8,5.3,34.3,4,31.3,16.8,41.8,46.1,6.5,75.8,27.9,78.6,,,65.5,86.1
Hendricks, Kyle,2020,31,81.1,64,20.3,26,6,86.2,11,34.3,4.5,31.8,19.5,51.9,45.9,,,28.9,79.7,16.6,72.1,54.4,87.3
Gallen, Zac,2020,25,72,82,28.2,22,3,87,12.4,33.7,7.2,32.6,19.7,45.1,48.5,,,18.9,84.9,16.1,81.2,64.9,90.8
Freeland, Kyle,2020,27,70.2,46,15.1,34,2,87.3,7.4,31.9,5.6,35.8,11.2,44.1,47.1,23.6,86.2,25.2,86.1,18.8,80.3,32.2,92
Darvish, Yu,2020,34,76,93,31.3,17,8,88.7,11.9,36.9,6.4,34.2,22.8,55,42.1,15.2,82,,,11.8,77.8,68,90.2
Corbin, Patrick,2020,31,65.2,60,20.3,34,2,90.7,11.9,32.3,6.5,44.2,11.8,46.4,42.8,40.2,79.2,5.6,77.7,2,65,52,90.1
Bieber, Shane,2020,25,77.1,122,41.1,14,8,89.3,9.6,26.1,7.2,43.1,22.5,40.5,41.9,11.6,84.5,8.4,88.7,26.2,83.6,53.6,92.7
Scherzer, Max,2020,36,67.1,92,31.2,28,5,88.5,18.7,41.9,8.4,36.3,26,49.1,42.8,19,85.5,16,84.9,9.1,77.2,55.7,94
Lester, Jon,2020,36,61,42,15.8,35,3,88.9,11.9,34,12.3,38.9,11.3,44.5,41,,,13.4,83.4,12.7,73.4,73.7,88.4
Greinke, Zack,2020,37,67,67,24.5,30,3,86.8,11.7,34.7,8.2,35.2,17.1,43.6,43.7,16.1,84.5,27.4,84.7,14.7,70.7,41.6,87.9
Boyd, Matthew,2020,29,60.1,60,22.1,45,3,87.4,15.4,37,10.9,37,17.6,45.2,42.3,22.6,79.3,17.2,79.1,7.4,74.1,52.6,91.7
Berrios, Jose,2020,26,63,68,25.1,28,5,88.7,14,33.3,6.3,39.7,19.4,47.9,44,,,18.7,84.7,29.7,83.3,51.4,94.2
Bauer, Trevor,2020,29,73,100,36,14,5,88.5,20.9,25.9,6.3,38,21.6,47,42,16.4,80.7,0.2,84.3,15.7,79.7,67.5,91
Singer, Brady,2020,24,64.1,61,23.2,29,4,88.5,9,28.8,4.5,40.1,14.3,48.9,42,37.4,83.1,4.6,87.8,,,57.8,93.3
Giolito, Lucas,2020,26,72.1,97,33.7,28,4,87,15.2,33.5,5.6,35.4,28.4,50,40.5,14.7,84.9,33.6,80.9,0.9,77.3,50.5,94
Davies, Zach,2020,27,69.1,63,22.8,21,7,87.5,14.6,36.1,10.3,36.6,17.2,42.7,46,,,41.3,79.4,2.8,74.5,55.8,88.1
Cueto, Johnny,2020,34,63.1,56,20.2,38,2,87.9,13,34.4,5.7,33.9,14.6,45.9,42.7,9.5,84.7,27,82.5,19.2,80.7,44,91.2
Civale, Aaron,2020,25,74,69,22.1,39,4,87.1,10.4,36.6,6.7,33.5,17.2,48.9,45.8,9.5,82.2,9.1,85.3,21.1,75.7,60.1,89.7
deGrom, Jacob,2020,32,68,104,38.8,18,4,88.2,11.6,30.1,9.6,33.6,31.8,46.9,45.8,35.5,92.5,16.9,91.4,2.6,84.1,44.9,98.6
Woodruff, Brandon,2020,27,73.2,91,31.1,25,3,86.7,13.3,26.1,7.2,33.9,25.1,50,43.1,10.9,88.2,17.5,86.7,6.4,83.5,65.1,96.4
Senzatela, Antonio,2020,25,73.1,41,13.5,28,5,88.3,9.1,27.9,5.4,38.3,11.9,49.8,44.5,24.5,86.4,10.3,86.4,9.1,79.3,55.8,94.3
Mills, Alec,2020,29,62.1,46,18.3,31,5,86.9,10.1,30.8,9.2,39.5,12.9,45.8,44.6,10,77.5,15.9,80.8,15,66.6,58.9,89.9
Gibson, Kyle,2020,33,67.1,58,19.3,40,2,88.2,6.2,33.3,7.2,39.6,10.9,41.9,42.8,24.9,83,17.8,84.4,7.8,78.8,49.4,92.3
Castillo, Luis,2020,28,70,89,30.5,25,4,86,2.2,28.7,4.5,37.1,24.9,50.1,42.2,17.6,86.8,30,88.2,,,52.2,97.4
Bassitt, Chris,2020,31,63,55,21.1,16,5,88.2,12.5,28.9,5.9,37.4,18.9,52.2,42,2.6,74.5,10.2,83.6,9.4,70,77.6,91.3
Wainwright, Adam,2020,39,65.2,54,20.6,23,5,87.3,12,33,6.3,36.6,15.4,48.3,42.8,,,2.4,81.9,38.2,73.5,59.2,87.6
Volquez, Edinson,2016,33,189.1,139,16.3,113,10,88.9,7.4,32.2,6.3,35.5,12.4,50.3,42.3,,,22.2,84,24.7,80.5,53,93.8
Ventura, Yordano,2016,25,186,144,17.6,92,11,89.8,8.7,30.2,7.8,38.4,12.1,48.7,40.7,,,18.5,86.7,25.2,83.6,56.1,96.8
Tanaka, Masahiro,2016,28,199.2,165,20.5,68,14,88.9,8.9,31.9,4.3,36.3,15,46.5,43.9,27.6,84.5,,,5.5,76.1,36.9,90.9
Straily, Dan,2016,28,191.1,162,20.5,80,14,88.8,18.8,35.7,7.5,35,16.9,50.2,41.8,26,83.6,17.9,82.9,4.7,73.2,51.2,89.8
Scherzer, Max,2016,32,228.1,284,31.5,75,20,87.2,19.4,30.8,6.1,29.5,24.7,51.7,42,22.8,86.8,12,85.8,8.1,78.5,57,94.8
Quintana, Jose,2016,27,208,181,21.6,74,13,88.2,16.3,33.1,4.5,34.2,12.5,50.5,44.4,0,78.5,7.8,86.6,24.9,78.2,67.2,92.6
Price, David,2016,31,230,228,24,102,17,87.8,11.5,32.4,6.3,33,20.7,51.8,45.5,,,22.6,85,8.7,79.5,68.6,92.1
Perez, Martin,2016,25,198.2,103,12,97,10,89.6,6.5,31.5,6,37.4,11.9,49.5,45.2,10.3,85.6,17,84.9,10.4,80.5,62.1,93.3
Moore, Matt,2016,27,198.1,178,21.2,90,13,88.7,17.3,31.3,6.4,31.3,18.5,51.6,44.6,,,12.7,84.9,22.1,81.9,65.1,93.2
Lackey, John,2016,38,188.1,180,24.1,70,11,89.7,14.5,32.6,5.9,38.1,16.7,49.6,42.1,,,5.5,84.9,13.5,78.9,80.9,90
Gray, Jon,2016,25,168,185,26,86,10,88.2,12.4,36,6.2,34.7,16.3,51.5,42.8,26.3,89.1,7.4,85.9,10.9,78.3,55.2,95.8
Finnegan, Brandon,2016,23,172,145,19.8,76,10,88.3,13.9,39.1,8,35.5,16.9,47.9,44.3,23.4,84,11.4,85.5,,,65.1,92.3
Fernandez, Jose,2016,24,182.1,253,34.3,58,16,89.2,11.5,36.2,3.8,36.4,20.6,48,43.1,,,12.4,88.8,33.7,84.3,53.7,95.8
Verlander, Justin,2016,33,227.2,254,28.1,77,16,87.9,19.3,30,7.5,32.9,19.9,49.4,44.8,17.7,88.5,8.4,85.9,15.9,79.2,57.8,94.1
Smyly, Drew,2016,27,175.1,167,22.6,95,7,87.8,21.3,34,6.7,31,18.5,49.9,42.3,22.8,76.3,5.2,80.2,,,71.9,89.6
Roark, Tanner,2016,30,210,172,20.1,66,16,87.4,8.6,30.5,5.4,30.5,15.1,46,42.2,15,86,9.8,84.3,12.7,77.8,62.3,92.7
Pineda, Michael,2016,27,175.2,207,27.4,94,6,89.7,9.5,35.6,6.7,39.1,16.9,45.4,43.2,40,86.1,8.3,89.1,,,51.6,94.6
Maeda, Kenta,2016,28,175.2,179,25,68,16,85.7,12.7,35.1,5.6,25.7,19.6,44.4,41.9,29.4,82,9.6,83,17.9,73,42.9,90.6
Kennedy, Ian,2016,32,195.2,184,22.5,80,11,89.3,19.3,32.6,7.7,38.7,18.1,49.2,45.2,8.1,86.5,11.8,84.5,13.7,77.8,66.2,92.8
Ray, Robbie,2016,25,174.1,218,28.1,95,8,89.9,12.3,32.2,6.9,39.5,19.8,50.4,44.8,22.6,84.8,6.2,87.2,,,71,94.7
Liriano, Francisco,2016,33,163,168,23,85,8,88.4,6.4,28.6,6.4,33.3,15,42.8,42.8,29,85.9,19.4,85.9,0.1,77.1,51.2,93.3
Hendricks, Kyle,2016,27,190,170,22.8,45,16,86.6,10.1,28.9,3.4,26.2,16.8,45.9,45.2,,,27.1,80.6,7.7,76,65.1,88.3
Graveman, Kendall,2016,26,186,108,13.7,85,10,89.6,5.9,30,5.5,38.5,10.7,49.7,43.1,6.4,80.1,7.4,85.6,,,86,92.2
Davies, Zach,2016,23,163.1,135,19.8,72,11,87.6,11.3,31.2,5.2,28.6,15.4,45.1,46.5,,,20.6,79.1,10.9,72.8,68.4,89.2
Bumgarner, Madison,2016,27,226.2,251,27.5,69,15,88.5,15.6,29.5,6.7,31.2,18.7,48.8,44.1,30.1,87.3,3.6,84.2,15.1,75.2,51.1,91.3
Archer, Chris,2016,28,201.1,233,27.4,90,9,90.2,10.2,29.7,8.4,40.5,19.1,49.8,41.8,40.6,88.9,10.9,87.4,,,48.4,94.9
Weaver, Jered,2016,34,178,103,13.4,100,12,88.2,21.1,38.7,7.4,32.1,16.2,51.7,43.8,16.6,77,16.9,74.9,22,69.4,44.4,83.4
Samardzija, Jeff,2016,31,203.1,167,20.1,86,12,88.7,10.9,31.3,6.1,35.1,14.7,50.3,44.8,17,86.8,0.4,89.5,7.8,80.8,67.3,94.4
Nova, Ivan,2016,29,162,127,18.6,75,12,90.6,5.2,32.9,6.7,41,8.4,46.3,42.8,2.7,87.3,4.5,86.8,28.1,80.5,64.5,93.2
Nolasco, Ricky,2016,34,197.2,144,17.6,97,8,88.7,11.6,34,6.4,35.9,11,47.1,41.6,32.9,81.7,,,11,73.6,48.5,91
McHugh, Collin,2016,29,184.2,177,22.2,89,13,87.1,14.2,34.2,4.8,28.3,15.3,48.4,40.9,,,5.1,84.1,29.9,72.9,64.8,89.2
Koehler, Tom,2016,30,176.2,147,19,85,9,87.8,12,36.4,6.7,33.4,14.5,45.3,39.8,24.5,86.1,6.6,85.2,22.5,79.2,46.2,92.5
Hamels, Cole,2016,33,200.2,200,23.6,74,15,87.6,8,32,6,35.7,17.1,45.4,43.1,,,18.2,84.7,14.5,79.8,67.1,92
Estrada, Marco,2016,33,176,165,22.8,68,9,88.2,21.3,30.9,7.2,30.9,20.8,46.2,45.1,,,28.6,77.5,10,76.6,61.2,88.3
Duffy, Danny,2016,28,179.2,188,25.7,70,12,89.5,15.8,34.8,7.9,36,21.5,54.3,41.5,0,96.5,17.3,85.8,23.1,84.1,59.4,95.4
Dickey, R.A.,2016,42,169.2,126,17.3,84,10,87.7,12.8,34.7,7.3,35.5,20.4,53.2,43.3,,,,,,,13,82.9
Santana, Ervin,2016,34,181.1,149,19.9,68,7,88.3,13.1,32.8,5.9,31.7,13.8,44.6,41.7,39.4,84.1,7.7,85.6,,,52.8,93.3
Porcello, Rick,2016,28,223,189,21.2,78,22,88.4,13.7,32.9,7,35.1,13.9,54.7,43.5,12.7,85.5,13.3,81.4,13.7,74.2,60.1,90.9
Lester, Jon,2016,32,202.2,197,24.7,55,19,87.4,11.7,31.2,4.1,29.2,14.8,46.4,42.6,,,4.8,85.4,12.6,75.1,82.5,91.7
Gonzalez, Gio,2016,31,177.1,171,22.4,90,11,88.7,9,31.2,5.9,33.8,16.5,45.1,44.8,,,16.5,84.4,19.8,77.7,63.6,91.5
Fiers, Mike,2016,31,168.2,134,18.5,84,11,89.8,12.2,35.5,6.1,39.2,16.7,50.4,41.2,7.1,82,19.5,83.1,19.1,74.4,54.1,89.4
Eickhoff, Jerad,2016,26,197.1,167,20.6,80,11,88.6,15.4,32.8,5.7,35,14.7,48.3,42.8,17.9,82.5,5.1,84.6,24.1,75.5,52.8,91.6
Cueto, Johnny,2016,30,219.2,198,22.5,68,18,87.8,10.5,30.3,4.4,33.2,15.4,48.1,43.5,17.7,84.2,19.9,83.3,0.4,75,61.8,91.2
Colon, Bartolo,2016,43,191.2,128,16.2,73,15,90,12.2,30.1,5.3,37.7,9.7,52.8,44.5,6.3,82.4,4.2,81.4,,,89.4,88.4
Wainwright, Adam,2016,35,198.2,161,19,102,13,86.9,11.1,37.5,5.9,30.2,11.3,47.7,42.8,,,2.5,83.3,26.7,74.4,70.6,88.8
Stroman, Marcus,2016,25,204,166,19.4,99,9,90.4,0.5,26.5,4.9,41.9,12.8,48.6,44.1,13,85.3,5.1,85.1,6.2,80.8,75.4,92.3
Shields, James,2016,35,181.2,135,16.4,118,6,88.7,12.8,34.6,8.4,33.3,12.2,42.1,40.6,,,21.3,84.3,16.4,77.6,62.2,89.7
Sanchez, Aaron,2016,24,192,161,20.4,64,15,90,4.5,27.5,6.1,39.8,15.1,52,42.9,,,8.7,88.8,16.2,78.6,75,95.3
Odorizzi, Jake,2016,26,187.2,166,21.5,77,10,89.9,16.6,34.6,8.4,35.9,18.1,49.9,45,9.6,83,,,3.9,71.8,66.6,91.7
Martinez, Carlos,2016,25,195.1,174,21.5,66,16,87.2,5.7,24.7,3.8,30.5,16.8,51,42,,,19.3,87.6,23.3,85.4,57.2,96.4
Happ, J.A.,2016,34,195,163,20.5,69,20,89.5,12.2,32.1,7.4,37.2,17.8,50.3,43.6,12.9,85.6,6.2,84.4,7.3,79,73.4,92.2
Hammel, Jason,2016,34,166.2,144,20.8,71,15,90,12.4,33.5,7.2,37.2,14.9,49.6,42.7,36.2,85.7,2.7,85.4,10.4,77.5,50.5,92.7
Tomlin, Josh,2016,32,174,118,16.3,85,13,87.9,10.7,35.6,7.2,32.2,10.2,49.2,46.2,,,8.2,83.9,14.8,75.6,76.8,87.2
Tillman, Chris,2016,28,172,140,19.6,72,16,89,12.5,34.7,7.8,35.3,17.9,48.3,41.8,15.5,86.2,15.4,84.3,12.4,75.8,56.5,92.3
Syndergaard, Noah,2016,24,183.2,218,29.3,53,14,87.6,6.4,31.8,3.5,31.8,20.4,49.1,45.7,21.2,91.5,11.1,90.3,8.5,83,59.1,98.6
Sale, Chris,2016,27,226.2,233,25.7,84,17,88.7,14.6,33.3,5.7,33.2,19.5,52.8,43.6,25.2,79.1,19.3,86.8,,,55.4,93.7
Rodon, Carlos,2016,24,165,168,23.5,74,9,88.9,13.1,32.7,4.5,35,15.6,51.6,41.6,25.4,87.2,10.5,84.1,,,64,94
Pomeranz, Drew,2016,28,170.2,186,26.5,63,11,88.1,11.6,28.4,7.3,34.4,18.5,49.2,42.7,,,9.6,87,39.2,79.7,51.1,90.5
Kluber, Corey,2016,30,215,227,26.4,75,18,86.7,12,34.4,6,30.4,17.8,48.5,42,24,89.4,4.5,85.8,18.6,83.9,52.7,93.1
Keuchel, Dallas,2016,28,168,144,20.5,85,9,88.4,3.8,29.6,6.9,36.9,13.7,45,45.3,26.2,78.5,9.2,80,,,64.5,88.5
Gausman, Kevin,2016,25,179.2,174,23,72,9,88.7,12.5,32,7.3,33.7,18.2,45,44.6,13.3,80.3,,,,,65.1,95.4
Fister, Doug,2016,32,180.1,115,14.8,93,12,87.5,10.7,34.1,4.6,35.8,9,45,44.4,,,6.3,79.5,14.6,70.9,78.9,86.8
Teheran, Julio,2016,25,188,167,22,67,7,88.8,16.2,33.1,6.5,33.6,18.3,50.9,43.5,26.2,81.6,8.9,82.9,9.2,72.1,55.5,91.5
Santiago, Hector,2016,29,182,144,18.3,95,13,89.7,20.2,33,9.3,39.3,16.9,52.8,42.3,5.6,79.2,21.2,83.3,3.4,73.8,69.7,91.5
Sabathia, CC,2016,36,179.2,152,19.8,78,9,85.1,9.7,27.5,4.4,26.9,15.8,47.6,44.5,22.8,80.4,5.7,82.5,,,71.3,89.3
Nelson, Jimmy,2016,27,179.1,140,17.3,92,8,88.7,9.2,27.8,5.7,35.1,14.2,52.7,41.9,17,87.5,0.8,86.4,11.1,83.3,70.9,93.7
Miley, Wade,2016,30,166,137,19.3,99,9,89,9.1,34.9,6.6,37.2,13,48.3,44.4,20.3,84.8,17.8,83.1,11.9,77.5,49.8,90.9
Leake, Mike,2016,29,176.2,125,16.5,92,9,89,6.2,29.7,6.2,36.8,8.7,48.7,43.7,8.8,81.6,8.6,85.6,5.9,79.1,76.5,90.8
Iwakuma, Hisashi,2016,35,199,147,17.6,91,16,88.7,14.6,33.5,5.8,33.9,10.8,53,44.5,18.4,81.7,,,9,71.5,53.2,88.1
Hellickson, Jeremy,2016,29,189,154,19.9,78,12,87.6,14.5,37.2,6.9,28.2,16.5,43.6,43.2,9.6,86.1,26.1,81,15.2,77.2,49,90.7
Garcia, Jaime,2016,30,171.2,150,20.2,89,10,88.7,4.5,28.3,5.7,35.3,14.2,51.7,43.1,12.3,82.5,18,82.8,6.1,76.1,63.5,91.1
Bettis, Chad,2016,27,186,138,17,99,14,88.7,6.9,31.1,5.6,34.9,13.3,44.2,42.8,18.6,86.2,11.7,86.6,11,75.6,58.5,92.1
Bauer, Trevor,2016,25,190,168,20.7,90,12,89.6,9.9,30.3,5.7,39.5,15.4,51,41,,,12.3,87,19.5,77.6,68.1,92.7
Arrieta, Jake,2016,30,197.1,190,23.9,68,18,86.7,6.7,31,4.8,29.8,17.5,50,44,17.9,89.8,4.7,89.3,12.3,81.1,64.9,94.4
Lopez, Reynaldo,2018,24,188.2,151,18.9,82,7,88.3,19.6,37.5,7.3,36.1,16.6,50.7,42.5,17.9,83.9,15.4,83.6,5.7,75.9,60.8,95.5
Kluber, Corey,2018,32,215,222,26.4,69,20,88,11.2,32,6.4,34.5,14.1,48.2,43.3,,,6.5,85.2,22.4,83.8,70.9,90.5
Hendricks, Kyle,2018,29,199,161,19.8,76,14,86.4,10.4,32.4,5.7,30.8,16.4,50.5,46.6,,,30.5,78.6,7.5,71.8,61.8,86.8
Corbin, Patrick,2018,29,200,246,30.8,70,11,88.3,7.7,31.3,6,35.6,20.4,41.3,41.2,40.9,81.7,1.1,81,9.3,72.5,48.5,90.8
Bundy, Dylan,2018,26,171.2,184,24.5,104,8,89.3,17.5,37.9,8.5,37.4,19.7,53,42.2,25.3,81.4,10.1,83.7,8.6,74.5,55.8,91.6
Arrieta, Jake,2018,32,172.2,138,19.1,76,10,87.8,8.6,32.9,5.6,31.7,13.3,50.9,41.2,23.6,89.4,10.6,88,10.2,80.7,55.4,93
Anderson, Tyler,2018,29,176,164,22.3,89,7,87.6,16,35.8,5.7,31.4,17.7,52.7,43.7,,,22.9,81.2,3.7,73.7,73.3,90.2
Quintana, Jose,2018,29,174.1,158,21.4,78,13,89.4,12.3,33.9,6.1,37.6,13.4,48,41.7,,,6.8,86.3,24.8,76.1,68.2,91.5
Fiers, Mike,2018,33,172,139,19.5,68,12,89.8,16.8,33,10.4,37.4,14.8,51.1,43.5,17.4,85.2,18.2,83.3,15.8,72.4,48.4,89.4
LeBlanc, Wade,2018,34,162,130,19.6,67,9,87.4,16.1,36.2,9,34.6,17.3,47.5,43.7,0,77.7,29.8,77.7,9,72.5,61,85
Keuchel, Dallas,2018,30,204.2,153,17.5,85,12,87.3,4.5,29,4.5,33,12.1,44.5,46,18.3,78.7,12.8,79.6,,,68.7,88.6
Junis, Jakob,2018,26,177,164,21.6,86,9,88.7,13.8,34.3,8.6,35.6,12,50.3,40.7,34.2,82.2,5.8,84.7,6.5,79.1,53.3,91
Godley, Zack,2018,28,178.1,185,23.4,94,15,89.6,7.5,33.3,6.4,38.8,15.3,45.3,37.4,,,5.2,81.1,40.3,81.4,54.4,89.5
Gibson, Kyle,2018,31,196.2,179,21.7,79,10,87.8,8,30.9,5.7,36.4,15.1,41,44.4,20.8,85.4,11,85.6,10.4,80.7,57.6,93
Castillo, Luis,2018,26,169.2,165,23.3,81,10,88.8,9.6,33.9,8.8,39.5,22.5,51,42.9,16.4,83.6,26.4,86.2,,,57.1,95.7
Boyd, Matthew,2018,27,170.1,159,22.4,83,9,87.4,22.2,34.6,6.1,32.3,17.1,49.7,42.5,30.8,80.5,8,78.6,12.3,72.1,48.7,90.4
Wheeler, Zack,2018,28,182.1,179,24.1,67,12,86.1,11.3,32.5,4.8,27.1,19.1,49.8,44.4,19.2,90.8,0.9,86.3,10.5,79.3,57.4,95.9
Teheran, Julio,2018,27,175.2,162,22.4,77,9,88.7,15.5,34.5,7.2,36.7,19.5,44.9,43.2,21.8,80.2,9.5,82.6,6.6,72.5,61.9,89.7
Price, David,2018,33,176,177,24.5,70,16,88.8,14.5,33.2,7,35.7,17.7,49.2,43.2,,,22.2,85.3,2.9,79.1,74.8,91.2
Morton, Charlie,2018,35,167,201,28.9,58,15,87.5,7.7,32,5.8,31,19,50.9,42.5,,,,,29.2,79.7,64.4,94.9
Mikolas, Miles,2018,30,200.2,146,18.1,63,18,86.7,8.1,31,5.1,29.4,14.5,52.9,42.2,25.8,88,4.4,88.4,21.3,78.5,48.3,93.9
Gray, Jon,2018,27,172.1,183,24.6,98,12,89.8,9.7,31.7,5.8,37.9,18.1,50.8,41.5,33.9,87.8,1.6,86.3,14.6,79.6,49.6,94.7
Urena, Jose,2018,27,174,130,18.3,77,9,88.5,9.3,30.3,6.2,36.2,16.4,45.4,42.9,21.5,86.4,18.9,89.9,1.7,84.8,57.6,95.8
Taillon, Jameson,2018,27,191,179,22.8,68,14,87.8,10.4,35,4.3,31.9,17,50.7,45,18.4,89.8,4.5,87.9,19.7,82.2,57.3,95.2
Snell, Blake,2018,26,180.2,221,31.6,38,21,87.5,10.7,33.1,7.2,32.7,23,44.2,43,9.1,88,19.1,87.5,20.1,81.3,51.4,95.8
Severino, Luis,2018,24,191.1,220,28.2,72,19,88.4,11.6,36.7,7.7,34.7,20.4,52.9,43.2,35.9,88.1,13.5,88.1,,,50.4,97.6
Pivetta, Nick,2018,25,164,188,27.1,87,7,88.8,10.9,32.1,7.8,34.8,20.3,50.9,42.8,16.8,84.8,2.2,87.1,22,80.1,58.9,94.8
Newcomb, Sean,2018,25,164,160,23,71,12,87.6,13,31.9,4.2,31.9,19.6,47.1,41.6,4.2,80.5,19.1,86.3,14.2,76.8,62.2,93
Marquez, German,2018,23,196,230,28.2,82,14,89.5,9.2,31.5,5.6,39.1,17.8,51.9,41,15.8,85.5,6.3,85.7,22.7,82,55,95.2
Lester, Jon,2018,34,181.2,149,19.6,67,18,88.6,13.7,38.7,6.6,35.4,14.4,47.4,42,,,9.2,84.9,15.7,74.8,75,90
Leake, Mike,2018,31,185.2,119,15.2,90,10,89.7,8.5,35.4,6.7,39.6,10.4,51.3,44.9,10.9,80.2,18.7,83.7,10.8,78.4,59.4,88.2
Holland, Derek,2018,32,171.1,169,23.2,68,7,88.4,14.6,34.1,6.6,35.4,19.1,49.9,45.1,21.7,80.9,8.8,82.9,12.5,78.4,56.8,91.5
Heaney, Andrew,2018,27,180,180,24,83,9,87.7,12.4,35.9,7.8,37.2,18.8,49.7,43.8,,,16.5,83.3,25.2,78.6,58.1,91.9
Chacin, Jhoulys,2018,30,192.2,156,19.6,75,15,88.8,13.2,32.6,6.5,37.8,13.2,50.8,43.3,44.8,79.3,2.1,82.7,0.4,73.3,47.7,90.1
Verlander, Justin,2018,35,214,290,34.8,60,16,88.5,22.1,31.1,6.2,32.7,25.9,54.4,45.4,22.2,86.5,1.4,87.4,14.4,79.5,61.7,95
Roark, Tanner,2018,32,180.1,146,19.2,87,9,87.8,14.5,32.5,6,33.6,12.8,47.4,43.8,12.6,85,11.9,83.4,14,74.7,61.3,91.3
Greinke, Zack,2018,35,207.2,199,23.7,74,15,87.9,10.4,35.4,6.4,33.5,19.4,44.3,45.3,17.7,83.4,20.9,86.5,11.1,71.2,50,89.6
Giolito, Lucas,2018,24,173.1,125,16.1,118,10,88.7,13.3,30.5,7,37.1,14.6,48.7,42.3,14.7,83.9,15.6,81.7,10,78.6,59.4,92.4
Gausman, Kevin,2018,27,183.2,148,19.1,80,10,89,10.8,33.5,7.4,40.8,17.8,48.9,43.5,14.3,81.4,,,,,58.4,93.6
Freeland, Kyle,2018,25,202.1,173,20.5,64,17,86.8,12,30.9,5,29.2,16.6,45.6,43.8,29.3,85.8,13.7,85.5,4.5,79.9,52.4,91.5
Cole, Gerrit,2018,28,200.1,276,34.5,64,15,89.1,15.8,35.8,6.2,39.8,24.7,53.5,43.7,19.9,88.7,4.4,87.7,19.2,82.5,56.3,96.5
Bauer, Trevor,2018,27,175.1,221,30.8,43,12,87.8,12,32.8,4.4,29.1,19.7,48,40.8,13.7,82,7,87,26.7,79.1,52.5,93
deGrom, Jacob,2018,30,217,269,32.2,41,10,86.3,11.1,32,4.1,28.9,24.1,51,45,23.9,91.1,16,89,7.9,82.7,51.9,95.9
Williams, Trevor,2018,26,170.2,126,18,59,14,86.9,14.1,34.1,5.8,31,13.3,48.5,44.5,15,81.5,15.2,83.2,0.2,75.5,69.4,90.4
Shields, James,2018,37,204.2,154,17.7,103,7,88.6,16.6,36,8.3,35.6,16.7,45.8,40.4,,,18.2,83.4,19.7,78.2,62,88.2
Porcello, Rick,2018,30,191.1,190,23.5,91,17,89,12.4,33.6,7,35.7,13.7,51.5,44.6,24.4,86,11.7,81.4,14,74.8,49.8,90.4
Nola, Aaron,2018,25,212.1,224,27,56,17,87.1,9,27.7,4.6,31.2,21.5,51.8,45.1,,,19.8,84.8,30.8,78,49.3,92.4
Gonzalez, Gio,2018,33,171,148,19.8,80,10,87.8,11,35.1,5.8,34.5,18.8,44.6,42.1,,,22.9,82.7,20.6,75.7,56.3,89.7
Clevinger, Mike,2018,28,200,207,25.6,67,13,87,14.3,32,5.6,31.8,21.2,49.5,40.9,21.1,79.5,14.1,87.6,11.8,75.4,52.9,93.6
Scherzer, Max,2018,34,220.2,300,34.6,62,18,86.6,20.6,33.8,6.6,31.7,26.1,53.5,42,16.5,85.2,15.7,83.9,7.8,78.4,59.7,93.4
Odorizzi, Jake,2018,28,164.1,162,22.8,82,7,89.1,21.4,35.2,7.4,39,19.8,44.2,44.1,20.9,83.3,,,4.9,72.6,56.4,90.9
Happ, J.A.,2018,36,177.2,193,26.3,72,17,88.4,15.4,30.9,8.8,34,17.9,47.1,45.6,12.7,85.3,12.2,86,1.6,75.9,73.3,91.9
Hamels, Cole,2018,35,190.2,188,23.3,80,9,88.6,10.9,34.4,7.5,35.9,17.8,47.1,43.8,4.8,85,18.7,83.4,13.1,78.8,63.2,90.7
Gonzales, Marco,2018,26,166.2,145,21.1,74,13,88.5,10.4,37.8,5.4,35,17.2,48.8,46.6,,,23,83.6,22.2,78.1,54.6,88.9
Foltynewicz, Mike,2018,27,183,202,27.2,58,13,88.6,13.9,30.8,6.9,34.5,18.1,50.6,41.5,27.3,86.7,6.1,87.8,10,80,56.4,96.4
Carrasco, Carlos,2018,31,192,231,29.5,72,17,89.7,9.8,32.7,6,39.1,19.2,46.4,40.4,31.7,83.9,16.3,88,7.3,81.6,44.5,93.5
Berrios, Jose,2018,24,192.1,202,25.3,82,12,87.3,14.3,28.8,6,34.4,17.9,48,41.8,,,9,83.7,30.4,81.7,60.4,93.2
Stroman, Marcus,2019,28,184.1,159,20.5,66,10,88.2,5.6,27.4,4.1,35.6,14.7,44.8,42.6,30.8,85.7,5.3,87,0.9,75,62.8,91.9
Sanchez, Anibal,2019,35,166,134,18.8,71,11,87,14.7,37.8,6.6,28.3,16.4,45.7,42.4,2.7,83.2,4.4,70.7,5.9,76.9,63.2,89.3
Morton, Charlie,2019,36,194.2,240,30.4,66,16,86.9,9.2,34.3,5,32.8,19.1,51.3,41.7,,,,,37.3,78.6,59.4,92.8
Lester, Jon,2019,35,171.2,165,21.6,85,13,88.6,12.2,37.1,7.4,34.7,15,44,43.2,,,11.9,84.3,15.3,74.5,72.7,89.1
Leake, Mike,2019,32,197,127,15.2,94,12,90.7,11.6,31.6,8.8,42.9,11.6,51.1,45.1,12.5,80.3,20.7,84,7.9,79.3,58.7,87.6
Hudson, Dakota,2019,25,174.2,136,18,65,16,89.3,3.3,31,6.8,38.8,13.8,47.1,41.1,25.6,87.4,2.6,88.1,9.9,81.9,61.7,93.6
Boyd, Matthew,2019,28,185.1,238,30.2,94,9,89.2,19.4,32,8.8,35.3,22.4,50.2,42.9,36,79.6,6,79.1,4,72.2,53.8,92
Scherzer, Max,2019,35,172.1,243,35.1,56,11,87.6,13.5,35.2,6.6,35.5,26,50.3,41.1,20.6,85.6,14.4,84.3,8.6,78.5,56.1,94.2
Ray, Robbie,2019,28,174.1,235,31.5,84,12,88.9,14.7,38.6,10.7,38.6,23.3,44.4,42.5,30.7,84.2,,,16.4,81.6,52.7,92.4
Gray, Sonny,2019,30,175.1,205,29,56,11,88.1,9,31.3,6.8,33.3,14.7,44.3,39.7,21,84.6,4.7,89.7,25.4,81.9,48.7,93.2
Fiers, Mike,2019,34,184.2,126,16.7,80,15,88.1,15.8,31.6,7.2,38.3,14.7,51.7,43,17.6,85.7,12.5,84.1,17.4,74,52.3,90.3
Castillo, Luis,2019,27,190.2,226,28.9,72,15,87.3,5.9,27.1,5.1,33.6,24.9,41.3,42.7,16.9,85.9,32.5,87.2,,,50.5,96.4
Bumgarner, Madison,2019,30,207.2,203,24.1,90,9,90.4,18.3,35.6,9,41.8,17.8,49.2,43.9,,,5.3,84.2,18.3,78.8,76.2,89.6
Buehler, Walker,2019,25,182.1,215,29.2,66,14,89.3,12.5,34.5,5.4,36.4,19.9,53,43.1,14.1,86.8,0.4,91.5,12,80.7,73.3,95.9
Bieber, Shane,2019,24,214.1,259,30.2,78,15,90.5,12.3,33.8,8.7,43.3,16.8,46.3,42.5,26.4,85,7.2,87.6,20.4,82.7,45.7,93.1
Anderson, Brett,2019,31,176,90,12.1,76,13,89.6,5,30.5,7.3,40,10.4,51.7,42.6,18.6,81.9,13.4,82.6,5.4,75.6,62.4,90.3
Ryu, Hyun Jin,2019,32,182.2,163,22.5,47,14,86.6,7.2,32.5,4.7,30.8,18.1,47.4,44.3,0.2,80.7,27.4,80,12.1,72.7,60,89.4
Hendricks, Kyle,2019,30,177,150,20.5,68,11,86.5,14,33.8,5.4,31.5,17.1,51.3,47.7,,,28,78.6,9.7,71.4,62.1,86.9
Eflin, Zach,2019,25,163.1,129,18.3,75,10,88.2,12,30.1,6.9,32.8,14.8,48.7,45.1,30.7,87.1,7.8,86.7,5.3,77.9,56,93.5
DeSclafani, Anthony,2019,29,166.2,167,24,72,9,89.1,12.3,33.2,7.1,38.7,14,48.4,42.1,24.2,89.4,5.3,88.5,15,83.3,55.2,94.7
Wheeler, Zack,2019,29,195.1,195,23.6,86,11,87,12.3,34.5,5.3,32.4,17.9,51.6,45.3,19.7,91.2,10.1,89,9.9,80.7,59,96.7
Wainwright, Adam,2019,38,171.2,153,20.5,80,14,88.9,10.2,32.1,6.5,39.2,12.3,48.2,41.5,,,2,83.9,36.8,74.9,61.1,88
Porcello, Rick,2019,31,174.1,143,18.6,107,14,88.4,15.6,33.9,9.4,37.6,13.6,52.1,44.6,18.3,84.3,11.9,80.8,12.7,74.9,57,90.4
Nola, Aaron,2019,26,202.1,229,26.9,87,12,89.2,9.2,32.9,6.8,39.5,16.4,46.2,44.6,,,18.5,85.8,35.2,79.1,46.2,92.8
Giolito, Lucas,2019,25,176.2,228,32.3,67,14,88.1,17.7,37.3,9.4,34.6,26.3,54.3,43.6,14.7,84.6,26.1,81.7,4.1,79.4,55,94.2
Fried, Max,2019,25,165.2,173,24.6,74,17,89.2,4.3,32.4,4.4,39.1,16.4,48,41.6,15.9,83.7,2.3,84.8,24.7,74.5,56.9,93.8
Berrios, Jose,2019,25,200.1,195,23.2,82,14,87,13.9,34.1,6.5,32,16.7,50.2,44.6,,,15.8,82.5,28.8,81.2,55.2,92.7
Soroka, Mike,2019,22,174.2,142,20.3,52,13,88.1,6.6,32.4,5.1,37.5,16,47.7,42.3,24.2,83.2,12.3,81.2,,,63.3,92.4
Perez, Martin,2019,28,165.1,135,18.3,94,10,86.2,9.5,33.6,5.3,29.7,14.4,45.6,44.9,,,22.1,85.3,4.7,79.2,73,91.7
Musgrove, Joe,2019,27,170.1,157,21.9,84,11,88.9,11.7,31.6,6.4,38.7,15.6,51.4,45.3,22,83.2,10.5,85.3,9.4,82.1,57.8,91.9
Miley, Wade,2019,33,167.1,140,19.4,74,14,87.5,8.2,29,4.3,32.5,15.3,42.7,44.4,0.9,81.7,20.6,81.2,9.2,75.6,69,88.3
Marquez, German,2019,24,174,175,24.3,92,12,91.2,7,34.2,7.9,43.1,15.6,51.9,41.3,21.1,87.4,2.9,87.8,23.4,84.9,52.4,95.4
Lucchesi, Joey,2019,26,163.2,158,23,76,10,88.3,11.4,30.6,7.2,36.4,15.9,45.2,42,,,35.1,78.9,,,64.8,90.2
Greinke, Zack,2019,36,208.2,187,23.1,68,18,87.5,11,34.1,6.3,33.3,15.9,44.6,43.8,16.2,83.7,22.1,87.4,14.7,70.6,46.6,89.9
Cole, Gerrit,2019,29,212.1,326,39.9,59,20,87.6,14,33.2,5.9,35.5,28.4,52.2,43.6,23.1,89.2,7.4,88.6,15.4,82.6,53.9,97.1
Bailey, Homer,2019,33,163.1,149,21.4,83,13,90.3,13.8,30.6,5.7,39.8,15.8,49.4,42.2,14.4,87.3,,,8.8,78.3,50.6,92.9
deGrom, Jacob,2019,31,204,255,31.7,55,11,86.5,12.7,32.3,5,30.8,24.2,46.9,44.9,32,92.5,15.8,90.3,2.9,84.3,49.2,96.9
Teheran, Julio,2019,28,174.2,162,21.5,74,10,89,15.5,31.2,6.9,35.4,17,44.4,41.3,20.9,82.2,8.2,83.6,6.4,74.8,64.3,89.6
Strasburg, Stephen,2019,31,209,251,29.8,77,18,87.9,7.8,29.8,6.1,33.8,18.9,45,42.8,0.3,87.8,20.6,87.7,30.6,81.2,48.3,93.8
Roark, Tanner,2019,33,165.1,158,21.9,80,10,89,15.4,37.3,8.4,37.3,15.1,45.8,42.6,21.8,86.3,9.8,84.1,12.7,75.7,55.5,92
Nova, Ivan,2019,32,187,114,14.1,98,11,88.8,10.7,34.5,7.2,38.4,11.2,47,43.2,,,16,86.2,16.7,79.9,67.2,91.3
Minor, Mike,2019,32,208.1,200,23.2,83,14,86.9,16.5,31.3,7,30.4,21.1,48.9,43.9,19.3,86.4,24.6,86.2,11.4,80.7,44.5,92.5
Mikolas, Miles,2019,31,184,144,18.8,85,9,88.5,10.3,33,6.1,36.6,14.7,49.6,43.7,23.5,87,3.8,87.8,21.3,78.3,51.1,93.6
Kershaw, Clayton,2019,31,178.1,189,26.8,60,16,88.7,11.6,31.1,6.8,34.1,16.7,48.3,43.3,39,86.9,0.6,85.2,16.4,73.5,43.8,90.3
Kelly, Merrill,2019,31,183.1,158,20.3,90,13,89.9,12.4,33,9.5,40,16.5,47.6,44.5,,,13.4,86,21.3,80.6,65.2,91.3
Keller, Brad,2019,24,165.1,122,17.2,77,7,89.1,9.1,32.5,5.9,38.6,11.2,47.2,41,31.3,84.9,1.4,87.8,,,67.2,93.3
Junis, Jakob,2019,27,175.1,164,21.3,102,9,90.1,12.7,35.4,8.6,41.2,12.6,47.1,42,29.6,82.4,5.3,84.6,14,79.3,50.9,91.5
Corbin, Patrick,2019,30,202,238,28.5,73,14,89.9,8.4,31.7,9.4,38.7,15.8,41.7,42,37.1,81.7,5.7,81.8,3.4,67.8,53.6,91.8
Verlander, Justin,2019,36,223,300,35.4,64,21,87.3,18.2,30.5,7.2,33.3,26.7,51.3,43.6,28.6,87.5,4.1,86.9,17.2,79.4,49.8,94.6
Tanaka, Masahiro,2019,31,182,149,19.6,90,11,89,11,32.4,6,37.7,13.4,47.1,46.7,36.3,83.3,,,3.2,76.1,33.6,91.1
Samardzija, Jeff,2019,34,181.1,140,18.9,71,11,89.5,16.9,34.7,8.4,37.7,16.1,48,42.4,18,84.6,,,2.4,76.3,71.8,90.8
Alcantara, Sandy,2019,24,197.1,151,18,85,6,87.3,11.8,29.9,6.5,34.3,16.4,47.3,43.7,21.4,86,12.1,89.1,8.6,82,57.7,95.5
Syndergaard, Noah,2019,27,197.2,202,24.5,94,10,86.8,9.9,29.6,4.9,31.2,19.9,50.7,46.8,15.1,89.1,16.2,91.1,9.5,80.4,59,97.6
Rodriguez, Eduardo,2019,26,203.1,213,24.8,86,19,86.3,9.3,30.9,5.9,29.7,20.5,43.5,44.1,2.1,84.7,24,87.6,3.2,82.4,70.5,91.9
Quintana, Jose,2019,30,171,152,20.4,89,13,90,11.1,34.6,5.7,37.9,12.1,46.7,42.5,,,11,86.5,27.2,77,61.7,91.3
Lynn, Lance,2019,32,208.1,246,28.1,85,16,87.9,13.9,35.1,5.9,33.8,22.6,50.3,41.7,,,2.9,86.9,9.5,81.2,87.5,93.2
Lopez, Reynaldo,2019,25,184,169,20.9,110,10,88.8,17.8,36.3,7.6,38.3,19,51.9,43.6,18.2,84.4,14.8,84,8.3,78.3,58.5,95.4
Gonzales, Marco,2019,27,203,147,17,90,16,88.3,14.7,31.5,4.9,35.2,14.2,49.6,47,,,24,81.2,15.8,76.3,60,87.6
Flaherty, Jack,2019,24,196.1,231,29.9,60,11,86.6,15.5,33.4,6.9,30.3,22.1,48.4,44.1,27.5,84.8,2,86.2,12,78.2,58.3,93.8
Darvish, Yu,2019,33,178.2,229,31.3,79,6,88.6,12.6,32.6,7.4,37.5,20.8,51.5,43.5,13.7,82.4,0.4,83.8,6.9,77.2,75,90.5
Bauer, Trevor,2019,28,213,253,27.8,106,11,88.7,16.4,33.6,8.6,37.7,18.3,46.7,39.9,13.8,79.6,7.5,86,19.6,79.1,58.8,91.7
Stroman, Marcus,2017,26,201,164,19.7,69,13,88.7,0.6,24.4,5.1,38.6,13.9,47.5,42.3,24.2,86.3,6,82.7,3.5,81.8,66.1,93.2
Scherzer, Max,2017,33,200.2,268,34.4,56,16,86.5,19,31.4,5.6,29.3,25.7,52.7,40.9,20.9,85.4,14.3,84.6,8.2,77.4,56.4,93.2
Samardzija, Jeff,2017,32,207.2,205,24.2,102,9,87.4,12.4,36.1,6.3,33.8,17.3,51.1,43.7,18.7,87.8,,,14.6,80.7,58.2,93.9
Sale, Chris,2017,28,214.1,308,36.2,69,17,86.8,15,35.8,6.1,30.5,25,52.6,44.7,32.9,79.8,18.8,86.8,,,48.2,94.5
Roark, Tanner,2017,31,181.1,166,21.4,94,13,86.9,10.1,34.8,5.4,33.2,17.8,47.2,43.6,16.4,85.9,12.1,83.7,15,75.8,56.3,92.3
Lynn, Lance,2017,30,186.1,153,19.7,71,11,86.6,12.1,32.3,5.8,27.5,18.9,45.5,42.4,,,5.3,86,4.8,78.9,89.8,91.3
Lackey, John,2017,39,170.2,149,20.4,87,12,88.4,14.6,33.1,6.4,36.5,16.5,49.1,42.4,,,4.8,83.5,7.7,77.5,87.3,87.8
Estrada, Marco,2017,34,186,176,21.8,103,10,87,21.8,30.8,7,30.2,22.6,50.5,45.5,,,31.8,77.5,7.7,77.5,60.3,89.5
Wacha, Michael,2017,26,165.2,158,22.5,76,12,87.2,10,32.4,5.6,30.1,18.5,52.3,44.9,,,18.5,87.8,11.4,76.5,69.9,94.1
Quintana, Jose,2017,28,188.2,207,26.2,87,11,87.6,11.7,36.3,5.9,35.7,14.9,49.7,42.9,,,9,86.1,28.1,77,62.8,92.1
Moore, Matt,2017,28,174.1,148,18.7,107,6,89.6,15.6,36.3,9,40.2,14.6,52.3,42.6,,,15.9,83.1,17.6,81.1,66.3,91.3
Martinez, Carlos,2017,26,205,217,25.3,83,12,87.1,8,30.1,4.8,33.6,17.7,52.5,43.7,23.8,85.2,17.4,87.8,1.5,80.1,57.1,95.6
Greinke, Zack,2017,34,202.1,215,26.8,72,17,87.2,9.7,31.2,7,30.8,18.7,45,43.7,22.3,83.9,16.1,87.1,13,74.3,48.4,90.8
Gausman, Kevin,2017,26,186.2,179,21.9,97,11,87.7,11.9,37.8,8.2,33.7,18.7,47.3,42.4,13.4,82.6,,,,,65.1,94.8
Fulmer, Michael,2017,24,164.2,114,16.9,70,10,86.1,9.4,32.7,4.9,29.4,15.7,50.6,43.2,20.8,89.2,18.8,87.8,0.4,78.5,59.7,95.8
deGrom, Jacob,2017,29,201.1,239,28.9,79,15,86.3,10.7,32.1,5.9,28.8,24.1,51.5,45.6,22.1,89.3,12.4,87.7,10,81.5,55.3,95.1
Verlander, Justin,2017,34,206,219,25.8,77,15,87.6,16.4,37.4,7.2,35.6,17.2,50.9,43.8,21.4,88.2,4.1,87.6,16,80.4,58.4,95.3
Richard, Clayton,2017,34,197.1,151,17.6,105,8,87.4,1.8,29.2,4.4,33.2,13.4,46.5,44.2,20.3,81.5,10.9,83.7,,,68.7,90.5
Nolasco, Ricky,2017,35,181,143,18.2,99,6,90,14.7,36.1,8.4,40,18.2,44.9,41.4,26.1,81,,,9.4,73.6,49.2,90.9
Darvish, Yu,2017,31,186.2,209,27.3,80,10,86.3,13.3,35.7,6.3,31.5,20.5,51.5,43.4,25.1,82.6,2.5,87.7,5.7,73.1,66.5,93
Blach, Ty,2017,27,163.2,73,10.5,87,8,86.9,9.9,32.9,3.7,33,12.4,51.6,43.1,5.5,79.3,23.7,80.2,10.6,76.4,60,90.1
Vargas, Jason,2017,34,179.2,134,17.7,83,18,87,14.9,33.8,5.5,32.7,19.3,50.1,45.5,,,32.4,79.5,20.3,72.1,47.2,85.6
Pomeranz, Drew,2017,29,173.2,174,23.5,64,17,87.9,12.8,32.9,6.7,35.7,16.2,47.1,40.4,,,1.4,81,36.9,79.4,61.5,90.9
Perdomo, Luis,2017,24,163.2,118,16.5,85,8,88,1.2,26.7,5,36.5,12.7,48,39.9,31.9,84.4,,,,,62.9,94
Nola, Aaron,2017,24,168,184,26.6,66,12,85.7,9,33.4,5,31,20.2,51.4,45.7,,,15.5,83.8,30.7,77.4,53.6,91.9
Lester, Jon,2017,33,180.2,180,23.6,87,13,86.3,10.3,34.3,5.4,29.5,16.8,43.3,44.5,,,8.5,84.6,13.1,75.6,78.3,89.9
Hellickson, Jeremy,2017,30,164,96,13.8,99,8,87.8,17.7,35.7,6.4,34.7,15.2,46.9,43.8,,,30.2,81.3,12.6,76.7,57,89.4
Bundy, Dylan,2017,25,169.2,152,21.8,80,13,88.8,19.4,33.8,7.8,36.6,18.6,48.5,43.1,22.4,83,13.5,83.6,10.3,74.5,53.7,92.1
Strasburg, Stephen,2017,29,175.1,204,29.1,49,15,87.3,10.8,28.3,6.1,32.1,19.9,53,44.5,5.8,89,17.5,88.6,21.8,82.4,54.7,95.3
Straily, Dan,2017,29,181.2,170,22.1,86,10,87.2,18.4,32.6,6.9,29.2,19,49.3,41.6,29.1,83.7,17.3,83.4,2.9,73.5,50.4,90.4
Hammel, Jason,2017,35,180.1,145,18,106,8,88.4,16.4,32.9,6.6,34.7,13.4,50.8,41.6,31.9,85,3.8,85.1,10.2,77.5,53.9,92.1
Cole, Gerrit,2017,27,203,196,23.1,96,12,86.3,11.1,34,7.6,34.5,16.9,51.2,41.8,17.1,88.1,10.3,88.5,12.1,80.4,60.3,95.8
Cashner, Andrew,2017,31,166.2,86,12.2,63,11,87.1,10.6,32.1,3.9,32.3,10,49.8,43,11.3,88.1,13.4,84.9,8.2,81.7,66.9,93.2
Carrasco, Carlos,2017,30,200,226,28.3,73,18,87.4,9.7,34.1,7.4,34.6,18.8,49.1,41.8,16.5,85.4,16.1,88.4,18,83.3,49.3,94.2
Urena, Jose,2017,26,169.2,113,15.6,72,14,86.4,12.9,34.3,8.6,30.9,13.9,43.6,41.1,23.7,85,21.4,88.6,,,54.7,95.6
Teheran, Julio,2017,26,188.1,151,18.6,94,11,87.2,13.8,30.6,6.4,30.5,16.7,48.3,41.6,19.5,82.6,6.4,81.9,9,73.3,64.8,91.3
Tanaka, Masahiro,2017,29,178.1,194,25.8,94,13,88,8.8,34.6,8.6,36.3,19.9,46.7,43.7,31.7,84.6,,,5.9,76.8,37.4,91.5
Porcello, Rick,2017,29,203.1,181,20.5,105,11,88.2,14.4,36.5,8,35.7,17.7,52.2,43.4,16.8,85.6,8.3,80.3,15.5,74.7,59.2,91.1
Nelson, Jimmy,2017,28,175.1,199,27.3,68,12,85.9,5.8,31.6,4,31.3,18.3,52.2,43,15.9,88.5,2.6,87.6,19.6,84.3,61.7,93.9
Leake, Mike,2017,30,186,130,16.6,81,10,87.7,6.1,31,5.1,36.3,10.7,50,44.2,13.9,81,11.9,84.5,6.6,78.4,67.5,89.8
Corbin, Patrick,2017,28,189.2,178,21.5,85,14,87.9,8,30.1,6.7,35.6,15.1,46.7,42.3,37.5,80.9,9.1,83.5,,,53.3,92.2
Cobb, Alex,2017,30,179.1,128,17.3,73,12,88.2,9.3,31.6,6,35.1,10.9,48.6,44.3,,,,,34,80.5,51.6,91.7
Bauer, Trevor,2017,26,176.1,196,26.2,82,17,89.4,9.7,35.9,7.8,39.1,14.9,49.3,41.7,0.7,84.7,7.7,86.8,30.1,78.6,61.3,92.5
Arrieta, Jake,2017,31,168.1,163,23.1,66,14,87.5,10.5,31.1,5.6,33.8,15.5,50.9,42.7,13.3,87.9,8.3,87.3,14.4,78.8,63.8,92.2
Santana, Ervin,2017,35,211.1,167,19.3,77,16,86,16,29.8,5.9,30.2,15.7,46.6,42.6,36.6,84.5,10.2,85.8,,,53.1,92.8
Marquez, German,2017,22,162,147,21,79,11,88.7,9.1,31.3,7.1,36,14.9,57.1,40.2,3.8,86.9,5,85.6,25.3,80.6,65.8,94.9
Kluber, Corey,2017,31,203.2,265,34.1,51,18,85.3,10.5,33.8,5.3,29.3,21.1,51.2,43.5,,,6.1,85.8,28,84.4,65.8,91.3
Gonzalez, Gio,2017,32,201,188,22.7,66,15,86.1,11.7,29.5,4.9,27.9,17.1,45.9,43.8,,,18.6,83,24.7,74.8,56.5,89.7
Davies, Zach,2017,24,191.1,124,15.2,83,17,86.2,7.4,34,4,31.1,13.3,46.6,45.1,,,13.9,79.4,15.4,73.4,70.5,89.2
Severino, Luis,2017,23,193.1,230,29.4,64,14,87.2,8,29.7,6.1,33.7,20.9,52.8,41.6,34.7,88.3,13.6,87.2,,,51.5,97.5
Ray, Robbie,2017,26,162,218,32.8,52,15,89.9,14.4,31.5,6.2,41,22.9,47.7,40.8,21.2,84.6,,,19.5,81.7,59.2,94.1
Perez, Martin,2017,26,185,115,14.2,99,13,87.1,9.8,35.7,5.4,32.3,12.5,44.6,43.5,9.5,84.4,20.4,84.6,11.3,79.2,58.7,93.1
Nova, Ivan,2017,30,187,131,16.7,86,11,89.4,9.2,34,6.5,36.8,11.1,50.7,42.5,,,9.8,86.4,22.1,80.6,68,92.8
Kershaw, Clayton,2017,29,175,202,29.7,45,18,85.3,10.3,30.3,6.3,27.2,21.3,52,42.9,34.2,88.6,1,86,16.8,73.3,47.8,92.9
Gray, Sonny,2017,28,162.1,153,22.6,64,10,87.4,5.4,29.5,6.2,38.6,16.6,46.7,41.2,17,85.1,9.3,89.5,12.8,81,60.6,92.7
Dickey, R.A.,2017,43,190,136,16.7,90,10,86.4,10.3,30.1,4.3,31,18.6,52.7,44.2,,,,,,,17.8,83.6
Chacin, Jhoulys,2017,29,180.1,153,20,78,13,86.3,9.8,29.1,5.7,28.4,13.3,49.8,42.9,35.1,80,6,83.3,4,75.6,54.7,91.2
Archer, Chris,2017,29,201,249,29.2,91,10,89.6,12.8,34,5.9,40.3,22.5,50,43.1,43.5,88.8,8.1,85.9,,,48.2,95.5
Volquez, Edinson,2015,32,200.1,155,18.2,79,13,88.5,10.3,32.5,5.9,33.5,15.7,49.1,43.5,,,24.9,85.2,23.8,81,51.1,94.3
Miller, Shelby,2015,25,205.1,171,19.9,69,6,87.1,10.5,26.6,3.6,27.7,16.2,52.8,44.2,,,2.2,87,9.8,78.6,87.9,93
McHugh, Collin,2015,28,203.2,171,19.9,88,19,86.1,12.2,31.8,3.5,29.2,15.8,48.6,41.1,,,4.1,82.7,23.4,73.3,72.3,89.1
Kluber, Corey,2015,29,222,245,27.7,86,9,88,11.5,33.2,5.6,32.5,17.2,50.6,45.3,26.8,88.9,4.8,85.6,15.4,83.3,52.8,93.4
Jimenez, Ubaldo,2015,31,184,168,21.2,84,12,87.8,10,32.2,4.2,31.8,14.7,47.1,45,14.6,83.7,,,4.8,76.3,63.6,91
Dickey, R.A.,2015,41,214.1,126,14.3,93,11,87.4,12.5,32.8,4.4,30.5,16.7,53.4,45.8,,,,,,,11.3,82.3
Gonzalez, Gio,2015,30,175.2,169,22.3,74,11,88.2,6,28.1,4.7,34.5,15,45,43.7,,,16.1,84.5,18.1,78.7,65.6,92.6
Gibson, Kyle,2015,28,194.2,145,17.7,83,11,88.4,6.1,29,5,34.4,12.6,40.2,43.3,18.4,85.6,19.1,84.3,4.1,81.3,58.1,92.4
Carrasco, Carlos,2015,28,183.2,216,29.6,74,14,88.5,6.9,29.2,4.9,34.5,18.5,46.7,44.4,15.2,88.4,21.1,89,8.1,83.8,55.5,95.1
Buehrle, Mark,2015,36,198.2,91,11,84,15,87,11.7,33.3,4.9,33,10.1,48.8,46.8,,,21,78.7,8.5,71.7,70.3,82.9
Wacha, Michael,2015,24,181.1,153,20.1,68,17,87.6,10.4,28.8,4.8,33.2,17.2,52.3,44.5,,,16.5,87.1,12.5,76.4,70.9,93.9
Ventura, Yordano,2015,24,163.1,156,22.5,74,13,89.1,5.4,30.6,5.3,31.9,13.9,48.8,40,,,14.5,87.9,24,84.6,61.4,96.7
Sale, Chris,2015,26,208.2,274,32.1,79,13,85.9,13.1,33.3,4,27,26.5,48.7,43.3,19.6,79.4,27.9,86.3,,,52.4,95.2
Sabathia, CC,2015,35,167.1,137,18.9,88,6,87.8,10.5,29.3,4.1,31.5,14.6,48.6,46.3,22.4,79.6,13.9,83.9,,,63.5,90.2
Nelson, Jimmy,2015,26,177.1,148,19.7,81,11,86.8,7.3,29.1,4.8,28.7,14.7,49.7,45.1,20,87.5,1.2,86,18.2,83.1,60.4,94.1
Kazmir, Scott,2015,31,183,155,20.3,63,7,87.4,12.5,35.4,5.2,34.3,16.2,48.7,42.6,7.2,81.4,17.9,76.5,4.2,76.9,70.5,91.1
Happ, J.A.,2015,33,172,151,21.1,69,11,89.4,13,34.9,4.6,37.4,15.5,50.1,43,13.6,84.8,9,85.6,10.3,78.9,67,92.5
Greinke, Zack,2015,32,222.2,200,23.7,41,19,87.3,9.8,28.4,4,27.8,18.1,43.6,43.5,19.1,87.4,18.2,88.7,8.9,74.3,53.6,92.3
DeSclafani, Anthony,2015,25,184.2,151,19.2,83,9,88.5,11.8,31.7,4.9,34.3,15.9,51,43.3,23.8,87.6,7.2,86.3,6.8,79.7,62,93.1
Cueto, Johnny,2015,29,212,176,20.3,81,11,86.8,13.2,31.6,4.9,31.8,16.1,46.2,43.1,10.3,83.6,16.6,84,0.2,77,72.7,91.8
Burnett, A.J.,2015,38,164,143,20.5,58,9,89.8,5.7,30.8,4.8,38.7,10.8,48.2,42.2,,,8.7,86.3,29.3,82.3,61.8,91.6
Archer, Chris,2015,27,212,252,29,76,12,89.5,10.9,30.9,4.6,38.9,19.2,50,43.7,39.3,88.4,6.7,86.5,,,53.9,95.8
Santiago, Hector,2015,28,180.2,162,20.9,72,9,89,22.3,32.6,7.9,35.6,18.3,51.6,43.3,8.1,79.4,16.5,83.5,3.1,73.4,72.1,90.2
Ross, Tyson,2015,28,196,212,25.8,71,10,87.4,1.9,25,3.3,32.8,16.6,44.8,42.4,45,87.2,1.7,89.4,,,53.2,93.5
Porcello, Rick,2015,27,172,149,20.2,94,9,88.9,9.1,36.9,5.6,36.3,15.5,50.4,46.5,10.1,87.1,10.7,82.9,13.9,75.5,65.2,91.6
Pelfrey, Mike,2015,31,164.2,86,12,78,6,88.4,6.9,32.9,4.6,36.8,9.2,48.8,43.6,9.1,84.3,,,3.4,73.5,73.3,93.9
Lewis, Colby,2015,36,204.2,142,16.5,106,17,89.3,18.2,34.9,6.6,34.8,12.3,49.3,42.5,35,83.1,6.7,83.7,8,77.3,50.1,88.5
Leake, Mike,2015,28,192,119,15.3,79,11,88.9,6.7,30.3,5.3,35.6,6.8,48.3,45.5,9.5,81.6,7.2,86.1,13.2,80.3,69.9,91.2
Lackey, John,2015,37,218,175,19.5,67,13,88.3,11.6,29.8,5.6,32.5,13.4,53.6,41.4,,,2.6,84.3,9.5,78.6,87.7,90.3
Kershaw, Clayton,2015,27,232.2,301,33.8,55,16,85.6,8.9,29,3.3,24.4,24.2,52.5,43.2,27.5,88.6,0.2,88.3,18.2,74,54,94.2
Gray, Sonny,2015,26,208,169,20.3,63,14,88.9,7.6,27.6,4.5,34.6,13.8,50.7,42.7,16.8,86.5,7.1,88.1,13.2,81.7,62.8,93.5
Colon, Bartolo,2015,42,194.2,136,16.7,90,14,88.9,11.7,34.1,5.4,34.7,12.1,54.3,42,9.6,82.8,7.3,82.6,0.2,81.5,82.6,88.9
Bumgarner, Madison,2015,26,218.1,234,26.9,71,18,87.5,12.6,31.1,4.8,30.1,17,48.9,42.9,31.5,86.8,1.9,85.5,17,77,49.4,92.7
Bauer, Trevor,2015,24,176,170,22.8,89,11,88.1,15.9,31.8,5.9,33.9,13.3,48.4,42.8,4.2,83.6,12.5,85.8,16.6,79.9,66.5,92.1
Teheran, Julio,2015,24,200.2,171,20.3,90,11,89.1,13.9,33.7,5.1,36.6,19.3,46.9,41.6,22.6,81.2,8.1,83.3,7.7,72.5,61.4,91.8
Shields, James,2015,34,202.1,216,25.1,88,13,89.2,10.7,31.2,5.6,37.7,17.5,41.2,40.9,,,21.2,84.9,18.9,78.7,59.7,90.1
Ramirez, Erasmo,2015,25,163.1,126,18.9,68,11,88.5,10.2,28.2,4.9,33.7,17.2,50.3,44.1,16.5,84.6,23.1,81.3,4.8,78.2,55.4,91.5
Quintana, Jose,2015,26,206.1,177,20.5,77,9,88,9.7,34,4.3,32.9,12.9,48.9,40.6,,,9.6,86.3,30.9,80.3,59.3,92
Martinez, Carlos,2015,24,179.2,184,24.4,60,14,87.2,5.8,28.2,4.6,33.6,14.8,48.2,42,,,17.2,87.4,25.8,85.7,56.8,95.9
Liriano, Francisco,2015,32,186.2,205,26.5,70,12,85.9,6.6,33.9,4.3,28,18.8,40.8,43.6,32.5,85.5,20.4,85,0.1,78,46.8,93
Hendricks, Kyle,2015,26,180,167,22.6,79,8,88,6.7,30.2,3.3,28.5,12.5,46.9,44.3,,,19.9,80.7,7.2,78.3,72.7,88.8
Harvey, Matt,2015,26,189.1,188,24.9,57,13,87.8,11,30.2,3.4,30.6,20.1,51.8,43.1,14.9,90.1,12.1,89,11.9,84.2,60.8,96.5
Harang, Aaron,2015,37,172.1,108,14.4,93,6,90.2,16.6,35.6,7,37.1,12.1,49.1,46,17.1,81.7,10.2,84.1,4.6,74.2,67.9,89.8
Gallardo, Yovani,2015,29,184.1,121,15.3,70,13,88.2,8.9,33,2.8,34.7,11.6,44.1,43.8,31.9,87.8,5.8,85.7,11.6,79.2,50.5,91.2
Anderson, Brett,2015,27,180.1,116,15.5,74,10,88.2,-2.1,24.7,4.1,32.6,9.7,49.6,43.9,25.8,82.5,9.4,83.9,12,76.3,52.5,91.3
deGrom, Jacob,2015,27,191,205,27.3,54,14,87.4,11.9,30,4,29.6,19.4,50,44.3,15.8,90.2,12,86,9.8,82.3,62.3,95.5
Wood, Alex,2015,24,189.2,139,17.4,81,12,88.2,8,32.1,4.3,33.1,12.9,49.7,46.2,,,18.8,83.6,22.1,80.8,58.9,89.8
Tillman, Chris,2015,27,173,120,16.2,96,11,89.6,12.9,30.1,5.1,32.3,15,49.9,43.5,7.2,86.3,13.5,83.3,14.1,75.8,64.9,92.1
Salazar, Danny,2015,25,185,195,25.8,71,14,89.6,11.3,31.9,6.4,37.5,19.9,50.5,42.3,9.2,85.5,18.7,86.1,3.6,80,68.2,95.4
Odorizzi, Jake,2015,25,169.1,150,21.4,63,9,88.5,14.8,33.1,6.2,33.9,17.1,45.2,42.7,3.6,82.9,,,3.3,71.8,63.1,90.9
Niese, Jonathon,2015,29,176.2,113,14.7,81,9,88.4,5.2,29.7,4.4,32.4,9.9,51.4,45.3,2.3,80.6,12.9,83.3,15.3,75,69.3,89.1
Miley, Wade,2015,29,193.2,147,17.7,96,11,87.4,7.9,33.8,4.5,31.5,11.7,43.8,43,14.9,85.1,19.2,83.6,8.4,77.5,57.2,91.4
Heston, Chris,2015,27,177.2,141,18.9,78,12,88.5,5.9,29.4,4.9,36.6,14.2,44.5,40.7,12.9,77,12.1,82.6,14.1,74.6,60.8,89.6
Hamels, Cole,2015,32,212.1,215,24.4,86,13,87.7,9.6,30.9,4.6,33.2,18.4,49.1,43.7,,,23.5,84.9,12,78.8,64.4,92.3
Fiers, Mike,2015,30,180.1,180,23.7,74,7,87.9,15.6,34.6,5.9,29.4,15.8,47.8,40.8,0,77.8,15.6,83.6,15.9,72.9,68.3,89.2
Chen, Wei-Yin,2015,30,191.1,153,19.3,71,11,87.4,15.3,30.6,6.1,31.9,14.4,52.6,44.7,17,83.8,10.2,83.4,8.5,73.9,64.2,92
Cashner, Andrew,2015,29,184.2,165,20.5,89,6,88.8,9.2,30.5,5.1,34.4,12.6,48.4,43.4,21.8,85.7,9.2,86.3,0.8,80.2,68,95.4
Zimmermann, Jordan,2015,29,201.2,164,19.7,82,13,87.4,12.5,33.2,4.2,32.9,12.6,53.6,42.7,22.2,88.2,0.3,88.7,15.1,81,62.2,93.6
Walker, Taijuan,2015,23,169.2,157,22.2,86,11,89.3,13.8,35,7.6,33.8,17,50.4,43.8,,,,,7.7,74.8,74.3,94.3
Simon, Alfredo,2015,34,187,117,14.3,105,13,89.7,12.6,30.9,6.1,39.2,12,49,43.6,0,83.9,0.5,86.1,8.9,77.4,56.4,92.7
Samardzija, Jeff,2015,30,214,163,17.9,118,11,88.1,14.5,34.7,5.2,31.8,15.5,52.2,42.9,22.4,86.2,,,4.1,83.2,63.5,94.1
Price, David,2015,30,220.1,225,25.3,60,18,87.4,12.7,33.9,4.6,31,21.3,55.3,43.9,,,22.5,85.8,8,80.1,69.3,93.7
Koehler, Tom,2015,29,187.1,137,17.1,85,11,89.7,11.1,29.1,5.7,36.9,11.1,48.9,41.6,14.4,86.1,5,85.1,22.6,79.4,57.8,92.7
Kennedy, Ian,2015,31,168.1,174,24.4,80,9,89.5,14.5,35.6,8.1,39.6,18.9,47.3,44.8,8,85.6,14.5,83.9,15.1,77.7,62.2,91.9
Estrada, Marco,2015,32,181,131,18.1,63,13,87.8,20.4,31,5.3,30.8,19.8,50.8,44.1,,,28,79.1,11,77.9,60.9,89.7
De La Rosa, Rubby,2015,26,188.2,150,18.5,98,14,88.5,9.4,28.9,6.1,32.8,18.5,48.5,45,17.2,85.9,21,87,1,79.4,60.5,94.8
Richards, Garrett,2015,27,207.1,176,20.3,84,15,87.3,5.3,27.5,5.1,31.6,13.8,49.1,41.4,33.3,87.9,0,93.2,5.7,79.9,60.8,96.1
Keuchel, Dallas,2015,27,232,216,23.7,64,20,85.7,1.1,25.2,3.3,28,11.9,40.5,41.9,19.3,79.8,13.5,79.6,,,67,89.6
Hernandez, Felix,2015,29,201.2,191,23.1,79,18,88.7,5.4,26.6,4.2,34.4,14,44.2,42.1,5.8,85,25.3,88.6,22.1,80.7,46.6,92.3
Hammel, Jason,2015,33,170.2,172,24.2,71,10,88.8,13.4,37.2,7.1,36.4,17.2,48.2,42.1,35.5,84.9,4.5,85.6,6.2,77.1,53.6,92.9
Cole, Gerrit,2015,25,208,202,24.3,60,19,88.2,8.8,34.9,4.3,34.7,13.7,50.3,42,21.2,87.7,3.6,88.8,7.9,82.1,67,96.3
Arrieta, Jake,2015,29,229,236,27.1,45,22,85.1,4.4,27.4,2.2,24.7,15.7,49,42.5,28.8,90.8,4.6,89.5,15.3,81.2,51.1,95.2
Scherzer, Max,2015,31,228.2,276,30.7,71,14,87.1,17,33.2,5.8,29.8,25.6,55.4,41.3,17.8,86.6,13.1,85.4,8,80,60.9,94.7
Lynn, Lance,2015,28,175.1,167,22.2,59,12,88.9,12,29,4.9,31.1,15.9,43.8,40.6,7.9,87,2.6,84.9,4.6,78.1,84.6,92.4
Locke, Jeff,2015,28,168.1,129,17.5,84,8,87.4,6.1,30.6,3.5,30,16.5,45.4,44.4,,,22.6,81.7,15.9,80,61.4,91.9
Lester, Jon,2015,31,205,207,25,76,11,87.1,9.4,31.1,4.4,28.4,14.5,43.7,41.9,,,4.7,85.1,15.3,75.6,79.8,91.3
Haren, Dan,2015,35,187.1,132,17.2,75,11,88.2,20.8,33.4,6.4,33.7,11.4,48.1,44.2,,,,,14.1,76.8,82.2,85.2
Danks, John,2015,30,177.2,124,16.1,93,7,87.3,16.1,32,5.1,30.4,15,50.6,43.6,0.3,80.3,29,81.5,12.1,76.3,58.4,89.2
